video_time_s,main_2300_2700_hz,chirp_2880_3060_hz
0.027000,0.000000000,0.000000000
0.029000,0.000000000,0.000000000
0.031000,0.000000000,0.000000000
0.033000,0.000000000,0.000000000
0.035000,0.000000000,0.000000000
0.037000,0.000000000,0.000000000
0.039000,0.000000000,0.000000000
0.041000,0.000000000,0.000000000
0.043000,0.000000000,0.000000000
0.045000,0.000000000,0.000000000
0.047000,0.000000000,0.000000000
0.049000,0.000000000,0.000000000
0.051000,0.000000000,0.000000000
0.053000,0.000000000,0.000000000
0.055000,0.000000000,0.000000001
0.057000,0.000000000,0.000000001
0.059000,0.000000000,0.000000001
0.061000,0.000000000,0.000000002
0.063000,0.000000000,0.000000002
0.065000,0.000000000,0.000000004
0.067000,0.000000000,0.000000009
0.069000,0.000000000,0.000000009
0.071000,0.000000000,0.000000014
0.073000,0.000000000,0.000000033
0.075000,0.000000000,0.000000031
0.077000,0.000000000,0.000000052
0.079000,0.000000000,0.000000117
0.081000,0.000000000,0.000000111
0.083000,0.000000001,0.000000176
0.085000,0.000000002,0.000000426
0.087000,0.000000006,0.000000396
0.089000,0.000000015,0.000000641
0.091000,0.000000030,0.000001557
0.093000,0.000000075,0.000001396
0.095000,0.000000231,0.000002249
0.097000,0.000000560,0.000005487
0.099000,0.000001058,0.000005008
0.101000,0.000003032,0.000007942
0.103000,0.000009994,0.000020152
0.105000,0.000022224,0.000016676
0.107000,0.000041059,0.000041284
0.109000,0.000126208,0.000113906
0.111000,0.001033557,0.000161806
0.113000,0.002599085,0.000143813
0.115000,0.003228806,0.000082115
0.117000,0.003644613,0.000042139
0.119000,0.003740499,0.000045768
0.121000,0.003774653,0.000039330
0.123000,0.004160185,0.000041665
0.125000,0.004695134,0.000084167
0.127000,0.005114477,0.000144191
0.129000,0.005170968,0.000206325
0.131000,0.004721190,0.000235385
0.133000,0.005198027,0.000200176
0.135000,0.005867856,0.000113971
0.137000,0.006115372,0.000029681
0.139000,0.005919691,0.000022886
0.141000,0.006515590,0.000017331
0.143000,0.007970620,0.000067483
0.145000,0.008983135,0.000112776
0.147000,0.008779188,0.000115707
0.149000,0.007528821,0.000102297
0.151000,0.005932626,0.000105019
0.153000,0.003484753,0.000111875
0.155000,0.002509494,0.000113540
0.157000,0.002825735,0.000105988
0.159000,0.003347794,0.000092697
0.161000,0.003204949,0.000102876
0.163000,0.002727389,0.000106360
0.165000,0.002421294,0.000068705
0.167000,0.002819568,0.000041265
0.169000,0.003039773,0.000085066
0.171000,0.002610133,0.000112364
0.173000,0.002108695,0.000109412
0.175000,0.001941467,0.000078404
0.177000,0.001686612,0.000056472
0.179000,0.001266887,0.000128267
0.181000,0.000715845,0.000192739
0.183000,0.001165280,0.000174944
0.185000,0.001904503,0.000071734
0.187000,0.002092414,0.000074757
0.189000,0.002324828,0.000105209
0.191000,0.002028524,0.000061024
0.193000,0.000946935,0.000085505
0.195000,0.000815968,0.000117713
0.197000,0.001797088,0.000194025
0.199000,0.004507549,0.000296475
0.201000,0.007513164,0.000300608
0.203000,0.010369809,0.000181308
0.205000,0.010644306,0.000062642
0.207000,0.010260704,0.000123356
0.209000,0.009212428,0.000141446
0.211000,0.010133496,0.000163051
0.213000,0.011728954,0.000162336
0.215000,0.011127696,0.000138546
0.217000,0.010179082,0.000149775
0.219000,0.009891094,0.000155801
0.221000,0.010044920,0.000152360
0.223000,0.009581917,0.000148015
0.225000,0.008646252,0.000146810
0.227000,0.008949720,0.000137712
0.229000,0.010399849,0.000117675
0.231000,0.011827467,0.000095677
0.233000,0.013065592,0.000069691
0.235000,0.013459018,0.000048627
0.237000,0.013687969,0.000028401
0.239000,0.014034696,0.000012449
0.241000,0.014656416,0.000007963
0.243000,0.015444353,0.000014525
0.245000,0.015403463,0.000032205
0.247000,0.016598344,0.000056377
0.249000,0.016104363,0.000088227
0.251000,0.015340907,0.000138882
0.253000,0.016736237,0.000195954
0.255000,0.017212637,0.000235826
0.257000,0.017011120,0.000267489
0.259000,0.017848498,0.000268059
0.261000,0.018734377,0.000216439
0.263000,0.019904877,0.000155095
0.265000,0.020420706,0.000139575
0.267000,0.020767217,0.000262548
0.269000,0.022667500,0.000423708
0.271000,0.021782150,0.000496880
0.273000,0.020037547,0.000415728
0.275000,0.021018834,0.000244775
0.277000,0.021378152,0.000234730
0.279000,0.021090622,0.000368069
0.281000,0.020859084,0.000403423
0.283000,0.020582460,0.000317367
0.285000,0.021104355,0.000238273
0.287000,0.021198810,0.000439251
0.289000,0.018259371,0.000698762
0.291000,0.012907575,0.000801998
0.293000,0.006162627,0.000717304
0.295000,0.003175957,0.000511327
0.297000,0.003458572,0.000275023
0.299000,0.005112308,0.000111953
0.301000,0.006279472,0.000061188
0.303000,0.003714004,0.000039674
0.305000,0.001597954,0.000026712
0.307000,0.001729204,0.000034590
0.309000,0.004111860,0.000052940
0.311000,0.005184732,0.000072406
0.313000,0.004774622,0.000090400
0.315000,0.004267060,0.000115182
0.317000,0.003969495,0.000141148
0.319000,0.003060427,0.000167026
0.321000,0.002508359,0.000190685
0.323000,0.003336150,0.000198475
0.325000,0.004040540,0.000170492
0.327000,0.004586014,0.000094588
0.329000,0.004829491,0.000073872
0.331000,0.004374794,0.000194469
0.333000,0.003470782,0.000250891
0.335000,0.002442840,0.000475049
0.337000,0.004259266,0.000962448
0.339000,0.011696951,0.001292391
0.341000,0.019516709,0.001134220
0.343000,0.024202186,0.000566667
0.345000,0.022694483,0.000370333
0.347000,0.020585753,0.000504234
0.349000,0.018105711,0.000342637
0.351000,0.019219141,0.000344359
0.353000,0.021854367,0.000422910
0.355000,0.021667273,0.000339853
0.357000,0.018684087,0.000321498
0.359000,0.018587316,0.000430718
0.361000,0.020025846,0.000485927
0.363000,0.021194492,0.000465421
0.365000,0.022445951,0.000401336
0.367000,0.023155959,0.000331541
0.369000,0.024275292,0.000273399
0.371000,0.024458602,0.000229712
0.373000,0.025908979,0.000192840
0.375000,0.026076442,0.000146775
0.377000,0.025334422,0.000089331
0.379000,0.026659859,0.000045821
0.381000,0.026766976,0.000058604
0.383000,0.026067221,0.000061002
0.385000,0.026259116,0.000048263
0.387000,0.023927521,0.000028534
0.389000,0.017098054,0.000013142
0.391000,0.009764549,0.000004670
0.393000,0.004811119,0.000003387
0.395000,0.002635778,0.000006726
0.397000,0.004720009,0.000010399
0.399000,0.007664055,0.000014800
0.401000,0.005524117,0.000017074
0.403000,0.003457251,0.000016693
0.405000,0.003717764,0.000020133
0.407000,0.005786079,0.000018648
0.409000,0.006322137,0.000022175
0.411000,0.004758011,0.000041670
0.413000,0.004183039,0.000043632
0.415000,0.004469628,0.000054251
0.417000,0.004047602,0.000217874
0.419000,0.003427666,0.000411294
0.421000,0.003916289,0.000475025
0.423000,0.003593497,0.000354650
0.425000,0.003821225,0.000314278
0.427000,0.004758214,0.000541645
0.429000,0.004090782,0.000662866
0.431000,0.002854365,0.000553016
0.433000,0.001767606,0.000350678
0.435000,0.002801561,0.000434823
0.437000,0.009963467,0.000613241
0.439000,0.017725710,0.000591600
0.441000,0.023097633,0.000386524
0.443000,0.023520936,0.000166641
0.445000,0.022121703,0.000169677
0.447000,0.019655026,0.000176090
0.449000,0.019965054,0.000112938
0.451000,0.021873091,0.000048643
0.453000,0.022084515,0.000028890
0.455000,0.020581371,0.000020315
0.457000,0.020239281,0.000009414
0.459000,0.021759246,0.000007759
0.461000,0.023276518,0.000005422
0.463000,0.022511463,0.000002580
0.465000,0.022024694,0.000003598
0.467000,0.022699373,0.000003067
0.469000,0.023649661,0.000002455
0.471000,0.025107211,0.000005696
0.473000,0.024943647,0.000005119
0.475000,0.023879484,0.000008674
0.477000,0.023142244,0.000026825
0.479000,0.023569865,0.000057724
0.481000,0.024015548,0.000103577
0.483000,0.023933126,0.000156530
0.485000,0.023382165,0.000203051
0.487000,0.023815857,0.000239960
0.489000,0.024726993,0.000273690
0.491000,0.025728997,0.000294572
0.493000,0.026311168,0.000283243
0.495000,0.026640744,0.000268539
0.497000,0.026590119,0.000311384
0.499000,0.026288838,0.000349487
0.501000,0.025915231,0.000279460
0.503000,0.025380887,0.000153936
0.505000,0.026405962,0.000257670
0.507000,0.026334237,0.000326698
0.509000,0.025621804,0.000237356
0.511000,0.025520434,0.000129122
0.513000,0.024052615,0.000172204
0.515000,0.025331044,0.000186074
0.517000,0.025041166,0.000186017
0.519000,0.025390544,0.000161687
0.521000,0.026396853,0.000261816
0.523000,0.025671423,0.000349686
0.525000,0.026321516,0.000341785
0.527000,0.023342405,0.000564266
0.529000,0.016439541,0.000830302
0.531000,0.007657967,0.000828199
0.533000,0.004003580,0.000576212
0.535000,0.003525740,0.000300389
0.537000,0.004979305,0.000262098
0.539000,0.006489969,0.000417106
0.541000,0.004552381,0.000552124
0.543000,0.002408102,0.000541211
0.545000,0.002865473,0.000343968
0.547000,0.003789892,0.000174897
0.549000,0.004586670,0.000360020
0.551000,0.005537344,0.000431625
0.553000,0.004961230,0.000328419
0.555000,0.003935162,0.000157826
0.557000,0.002617057,0.000120635
0.559000,0.001453002,0.000267066
0.561000,0.003899504,0.000349671
0.563000,0.005128403,0.000356730
0.565000,0.003958735,0.000339187
0.567000,0.003377465,0.000302075
0.569000,0.003744383,0.000233888
0.571000,0.003665142,0.000139521
0.573000,0.002487045,0.000212557
0.575000,0.001960903,0.000718884
0.577000,0.006455527,0.001105658
0.579000,0.015265104,0.001014552
0.581000,0.022696357,0.000547906
0.583000,0.022970214,0.000212292
0.585000,0.022586991,0.000276511
0.587000,0.020599231,0.000237362
0.589000,0.020975253,0.000162587
0.591000,0.023233786,0.000143884
0.593000,0.024216176,0.000127315
0.595000,0.021969413,0.000087395
0.597000,0.022457892,0.000053152
0.599000,0.025882609,0.000035644
0.601000,0.025608466,0.000024530
0.603000,0.025201596,0.000014700
0.605000,0.027408940,0.000009695
0.607000,0.028423913,0.000006486
0.609000,0.027715100,0.000003832
0.611000,0.027459799,0.000002161
0.613000,0.026958755,0.000002866
0.615000,0.025631037,0.000001593
0.617000,0.023655736,0.000002220
0.619000,0.023267949,0.000001403
0.621000,0.024439594,0.000001576
0.623000,0.024798108,0.000001644
0.625000,0.023630891,0.000002910
0.627000,0.017355577,0.000002046
0.629000,0.008580676,0.000000701
0.631000,0.006197920,0.000000803
0.633000,0.005454584,0.000001656
0.635000,0.006040388,0.000001661
0.637000,0.007554644,0.000002322
0.639000,0.006082644,0.000003616
0.641000,0.003341260,0.000004869
0.643000,0.003942632,0.000006696
0.645000,0.006163273,0.000014009
0.647000,0.006689311,0.000023889
0.649000,0.005459022,0.000029822
0.651000,0.004165732,0.000024290
0.653000,0.004358447,0.000018810
0.655000,0.003187153,0.000066761
0.657000,0.002005890,0.000144454
0.659000,0.002377013,0.000229422
0.661000,0.002696580,0.000316436
0.663000,0.003892431,0.000407003
0.665000,0.003979415,0.000471423
0.667000,0.003060502,0.000538761
0.669000,0.001660414,0.000597496
0.671000,0.001972533,0.000607968
0.673000,0.003051605,0.000616170
0.675000,0.009332135,0.000578304
0.677000,0.017018004,0.000476235
0.679000,0.023702718,0.000376806
0.681000,0.024896281,0.000261621
0.683000,0.021794002,0.000152311
0.685000,0.018412006,0.000086515
0.687000,0.017987335,0.000046758
0.689000,0.021369729,0.000033226
0.691000,0.023342585,0.000020152
0.693000,0.021753603,0.000014627
0.695000,0.019319048,0.000006845
0.697000,0.019943178,0.000007225
0.699000,0.021408586,0.000004286
0.701000,0.021092271,0.000002777
0.703000,0.022945578,0.000004387
0.705000,0.024392852,0.000002767
0.707000,0.024134716,0.000002134
0.709000,0.024999498,0.000001903
0.711000,0.024298755,0.000001517
0.713000,0.021897736,0.000001125
0.715000,0.022463047,0.000000764
0.717000,0.022977364,0.000000572
0.719000,0.022562662,0.000000339
0.721000,0.023466732,0.000000491
0.723000,0.024139157,0.000001450
0.725000,0.025418578,0.000001711
0.727000,0.023947502,0.000000961
0.729000,0.024487556,0.000004552
0.731000,0.026404555,0.000008195
0.733000,0.027406363,0.000009111
0.735000,0.027143227,0.000009586
0.737000,0.026187781,0.000012490
0.739000,0.026284072,0.000013988
0.741000,0.025654779,0.000017378
0.743000,0.026254387,0.000013729
0.745000,0.028122464,0.000015475
0.747000,0.028557755,0.000012814
0.749000,0.027713387,0.000010504
0.751000,0.027271809,0.000018896
0.753000,0.027465664,0.000027190
0.755000,0.027014927,0.000072752
0.757000,0.025681824,0.000145182
0.759000,0.025156496,0.000272458
0.761000,0.025160795,0.000428165
0.763000,0.025495108,0.000558196
0.765000,0.023091744,0.000621948
0.767000,0.016485465,0.000617940
0.769000,0.009326306,0.000542438
0.771000,0.004514866,0.000397700
0.773000,0.004498308,0.000275942
0.775000,0.006147914,0.000223733
0.777000,0.006288204,0.000247982
0.779000,0.004174096,0.000317969
0.781000,0.002258269,0.000328281
0.783000,0.002512821,0.000262709
0.785000,0.003891920,0.000174948
0.787000,0.004433512,0.000114519
0.789000,0.005311763,0.000141079
0.791000,0.004479030,0.000180542
0.793000,0.003846786,0.000195087
0.795000,0.003070440,0.000198739
0.797000,0.002196642,0.000192966
0.799000,0.003305630,0.000199512
0.801000,0.003491782,0.000187812
0.803000,0.004101057,0.000139113
0.805000,0.003725469,0.000169157
0.807000,0.003159582,0.000255971
0.809000,0.002960616,0.000365581
0.811000,0.002182298,0.000506500
0.813000,0.001742600,0.000725118
0.815000,0.005949604,0.001074188
0.817000,0.014301785,0.001310006
0.819000,0.021408435,0.001165970
0.821000,0.022439250,0.000719309
0.823000,0.022193509,0.000315745
0.825000,0.021234667,0.000370419
0.827000,0.021725503,0.000447628
0.829000,0.024463413,0.000340523
0.831000,0.025646073,0.000154606
0.833000,0.025455718,0.000065852
0.835000,0.024886135,0.000065153
0.837000,0.026490093,0.000025488
0.839000,0.026393769,0.000011279
0.841000,0.025288291,0.000010366
0.843000,0.026419198,0.000013496
0.845000,0.027369328,0.000013490
0.847000,0.026045941,0.000016286
0.849000,0.026495486,0.000016268
0.851000,0.024869921,0.000013983
0.853000,0.023483548,0.000011552
0.855000,0.024573440,0.000008724
0.857000,0.025031296,0.000007357
0.859000,0.024723905,0.000006974
0.861000,0.024225928,0.000004604
0.863000,0.022785929,0.000002520
0.865000,0.017758679,0.000002235
0.867000,0.009740629,0.000001647
0.869000,0.004249790,0.000000846
0.871000,0.004203600,0.000000737
0.873000,0.005578610,0.000001287
0.875000,0.008211372,0.000001703
0.877000,0.006794117,0.000002621
0.879000,0.002731000,0.000002756
0.881000,0.002669182,0.000011574
0.883000,0.004310695,0.000034940
0.885000,0.005861100,0.000072730
0.887000,0.005942599,0.000129254
0.889000,0.004487055,0.000204269
0.891000,0.004285110,0.000271995
0.893000,0.003209873,0.000312601
0.895000,0.002936924,0.000323669
0.897000,0.003968458,0.000288406
0.899000,0.004295301,0.000202396
0.901000,0.004117886,0.000092199
0.903000,0.003614630,0.000077323
0.905000,0.003317410,0.000201878
0.907000,0.003170104,0.000313594
0.909000,0.003448820,0.000388289
0.911000,0.003064475,0.000382328
0.913000,0.007669722,0.000322327
0.915000,0.014549638,0.000229103
0.917000,0.020980058,0.000129961
0.919000,0.023232260,0.000073742
0.921000,0.022677221,0.000044812
0.923000,0.020490580,0.000027228
0.925000,0.019471240,0.000017269
0.927000,0.021398300,0.000009925
0.929000,0.022780391,0.000003632
0.931000,0.021741955,0.000003005
0.933000,0.020247696,0.000004077
0.935000,0.021640630,0.000004784
0.937000,0.024141384,0.000003803
0.939000,0.024490156,0.000003330
0.941000,0.023859217,0.000004628
0.943000,0.024761846,0.000005766
0.945000,0.026427864,0.000004073
0.947000,0.026487372,0.000002393
0.949000,0.025135619,0.000001374
0.951000,0.024644193,0.000001416
0.953000,0.025069743,0.000002232
0.955000,0.025938735,0.000001876
0.957000,0.025486469,0.000001392
0.959000,0.024847407,0.000000807
0.961000,0.024265175,0.000001308
0.963000,0.025399596,0.000003518
0.965000,0.026209857,0.000003438
0.967000,0.026062984,0.000003907
0.969000,0.024880352,0.000002254
0.971000,0.025194978,0.000002950
0.973000,0.026254681,0.000002181
0.975000,0.027143203,0.000005529
0.977000,0.027176836,0.000006776
0.979000,0.028024386,0.000008318
0.981000,0.029058493,0.000013819
0.983000,0.029661871,0.000019676
0.985000,0.029535633,0.000029686
0.987000,0.028768106,0.000050044
0.989000,0.028050435,0.000086772
0.991000,0.027756246,0.000144521
0.993000,0.027644633,0.000206351
0.995000,0.028029296,0.000278801
0.997000,0.028285655,0.000343100
0.999000,0.027680256,0.000383878
1.001000,0.026887190,0.000422598
1.003000,0.026055245,0.000426525
1.005000,0.021731420,0.000436195
1.007000,0.013977433,0.000436206
1.009000,0.006748730,0.000419927
1.011000,0.003553041,0.000410509
1.013000,0.004033626,0.000372396
1.015000,0.004509239,0.000342312
1.017000,0.005323844,0.000284247
1.019000,0.003195806,0.000224102
1.021000,0.001266225,0.000164806
1.023000,0.002346656,0.000125437
1.025000,0.004374835,0.000124049
1.027000,0.005286980,0.000150995
1.029000,0.004255053,0.000170650
1.031000,0.004263771,0.000190013
1.033000,0.004125285,0.000219103
1.035000,0.002682496,0.000201868
1.037000,0.003187513,0.000152213
1.039000,0.004040911,0.000157438
1.041000,0.003724428,0.000243840
1.043000,0.004078071,0.000269977
1.045000,0.004210784,0.000155102
1.047000,0.004579667,0.000164015
1.049000,0.003754727,0.000522520
1.051000,0.002581722,0.000883525
1.053000,0.004724221,0.001082450
1.055000,0.012169104,0.001064331
1.057000,0.019165814,0.000945972
1.059000,0.025739833,0.000790442
1.061000,0.026329173,0.000487702
1.063000,0.023205035,0.000137696
1.065000,0.019757559,0.000400958
1.067000,0.021525415,0.000589164
1.069000,0.023837576,0.000489474
1.071000,0.023715661,0.000217269
1.073000,0.022365439,0.000422046
1.075000,0.021837941,0.000588937
1.077000,0.022447331,0.000424895
1.079000,0.022872340,0.000181478
1.081000,0.022798722,0.000381314
1.083000,0.024393571,0.000424913
1.085000,0.026862801,0.000235776
1.087000,0.028249314,0.000052501
1.089000,0.028618483,0.000098910
1.091000,0.028120105,0.000058735
1.093000,0.027345035,0.000023150
1.095000,0.027447714,0.000060948
1.097000,0.027018629,0.000094827
1.099000,0.025621339,0.000156835
1.101000,0.024940160,0.000267197
1.103000,0.022859294,0.000344192
1.105000,0.018249428,0.000342392
1.107000,0.009193979,0.000307909
1.109000,0.003615855,0.000246950
1.111000,0.003888604,0.000160198
1.113000,0.006253983,0.000093713
1.115000,0.008346012,0.000103626
1.117000,0.006277550,0.000196919
1.119000,0.004486412,0.000277403
1.121000,0.004113668,0.000266512
1.123000,0.005009650,0.000251790
1.125000,0.006464451,0.000368404
1.127000,0.005935441,0.000411622
1.129000,0.004507947,0.000285278
1.131000,0.004764535,0.000147738
1.133000,0.003799175,0.000204970
1.135000,0.002613951,0.000252584
1.137000,0.003152567,0.000241565
1.139000,0.003860522,0.000156839
1.141000,0.003605229,0.000092629
1.143000,0.002994189,0.000180459
1.145000,0.002624316,0.000149100
1.147000,0.003176926,0.000223829
1.149000,0.003346069,0.000568928
1.151000,0.002930717,0.000819904
1.153000,0.006641892,0.000868082
1.155000,0.014952347,0.000770370
1.157000,0.020987954,0.000563581
1.159000,0.022386881,0.000287542
1.161000,0.022531515,0.000189408
1.163000,0.020246228,0.000430666
1.165000,0.020935414,0.000614694
1.167000,0.025451024,0.000628433
1.169000,0.027543159,0.000507397
1.171000,0.024949227,0.000318902
1.173000,0.022503942,0.000140047
1.175000,0.024234347,0.000060527
1.177000,0.025220247,0.000046042
1.179000,0.023488314,0.000032299
1.181000,0.025139394,0.000020720
1.183000,0.027004006,0.000014361
1.185000,0.026295245,0.000009133
1.187000,0.026740018,0.000005421
1.189000,0.026083693,0.000004050
1.191000,0.025192799,0.000002547
1.193000,0.024966140,0.000001508
1.195000,0.026255773,0.000001323
1.197000,0.027574044,0.000001882
1.199000,0.027228432,0.000002319
1.201000,0.026673468,0.000001830
1.203000,0.027339314,0.000001854
1.205000,0.027748168,0.000001904
1.207000,0.026827234,0.000002184
1.209000,0.025455937,0.000003013
1.211000,0.025672684,0.000003042
1.213000,0.026701109,0.000001544
1.215000,0.026687122,0.000001528
1.217000,0.025828845,0.000002489
1.219000,0.025042464,0.000004619
1.221000,0.024810832,0.000003614
1.223000,0.025261128,0.000002831
1.225000,0.026165139,0.000002019
1.227000,0.026721605,0.000002155
1.229000,0.025878956,0.000004531
1.231000,0.026292941,0.000003531
1.233000,0.026170078,0.000004693
1.235000,0.026186558,0.000002529
1.237000,0.026077535,0.000001643
1.239000,0.025153173,0.000002095
1.241000,0.024706624,0.000002161
1.243000,0.021875434,0.000001416
1.245000,0.016511603,0.000002576
1.247000,0.008248846,0.000001532
1.249000,0.002415172,0.000003410
1.251000,0.004215411,0.000003471
1.253000,0.006360989,0.000003919
1.255000,0.006204612,0.000004251
1.257000,0.002658153,0.000003024
1.259000,0.002005306,0.000005531
1.261000,0.001737057,0.000003842
1.263000,0.001736008,0.000007724
1.265000,0.003616173,0.000020945
1.267000,0.003764792,0.000029367
1.269000,0.003118953,0.000055287
1.271000,0.003948097,0.000148352
1.273000,0.003295620,0.000274415
1.275000,0.003475196,0.000341726
1.277000,0.005042643,0.000259227
1.279000,0.005053915,0.000156899
1.281000,0.004072423,0.000385021
1.283000,0.004555696,0.000540138
1.285000,0.003919983,0.000439172
1.287000,0.004241122,0.000201714
1.289000,0.003360616,0.000737178
1.291000,0.002385238,0.001314366
1.293000,0.007562975,0.001396139
1.295000,0.016248996,0.000937482
1.297000,0.022938373,0.000699837
1.299000,0.023816516,0.000735456
1.301000,0.022317143,0.000490446
1.303000,0.018653844,0.000172887
1.305000,0.019568135,0.000105164
1.307000,0.022401805,0.000105650
1.309000,0.023856547,0.000051946
1.311000,0.022104287,0.000089106
1.313000,0.020237304,0.000233187
1.315000,0.022745963,0.000421962
1.317000,0.025253561,0.000574965
1.319000,0.024411795,0.000593057
1.321000,0.024834804,0.000437681
1.323000,0.025679547,0.000163066
1.325000,0.026878748,0.000243987
1.327000,0.028778964,0.000465269
1.329000,0.028606852,0.000496636
1.331000,0.026052381,0.000418331
1.333000,0.026045352,0.000493101
1.335000,0.026072786,0.000735693
1.337000,0.025117451,0.000642805
1.339000,0.025880003,0.000739593
1.341000,0.024639670,0.002875309
1.343000,0.015375501,0.005463892
1.345000,0.004787221,0.006845966
1.347000,0.001134894,0.005973094
1.349000,0.005115415,0.003566016
1.351000,0.007870130,0.001198693
1.353000,0.008040855,0.000438059
1.355000,0.005593872,0.000701239
1.357000,0.003725730,0.000497879
1.359000,0.003283256,0.000512387
1.361000,0.004573870,0.000571133
1.363000,0.005153399,0.000359419
1.365000,0.005706980,0.000276216
1.367000,0.005369057,0.000427870
1.369000,0.004401432,0.000363490
1.371000,0.003543791,0.000127469
1.373000,0.002713724,0.000236532
1.375000,0.002694088,0.000350222
1.377000,0.002692659,0.000267889
1.379000,0.003101892,0.000097639
1.381000,0.004266777,0.000200790
1.383000,0.004019834,0.000321950
1.385000,0.002801473,0.000370920
1.387000,0.001997526,0.000406910
1.389000,0.002188278,0.000586097
1.391000,0.006457641,0.000779681
1.393000,0.014606270,0.000724402
1.395000,0.021759608,0.000464959
1.397000,0.024065203,0.000185916
1.399000,0.024009301,0.000168548
1.401000,0.021214856,0.000350559
1.403000,0.020418158,0.000384103
1.405000,0.023628637,0.000245862
1.407000,0.024415419,0.000069531
1.409000,0.023939532,0.000052438
1.411000,0.023153470,0.000048147
1.413000,0.026111015,0.000025266
1.415000,0.026763967,0.000012102
1.417000,0.024674426,0.000019164
1.419000,0.025938467,0.000009731
1.421000,0.025124638,0.000009101
1.423000,0.024932186,0.000011462
1.425000,0.026434714,0.000006586
1.427000,0.026211130,0.000006319
1.429000,0.024357435,0.000006436
1.431000,0.023764591,0.000003508
1.433000,0.026636615,0.000004332
1.435000,0.027802883,0.000005024
1.437000,0.026080990,0.000002948
1.439000,0.024807075,0.000000936
1.441000,0.025341777,0.000002365
1.443000,0.025698968,0.000002250
1.445000,0.024743013,0.000002611
1.447000,0.024231396,0.000004591
1.449000,0.024388289,0.000005217
1.451000,0.023279286,0.000011358
1.453000,0.024092792,0.000015588
1.455000,0.024829041,0.000018859
1.457000,0.024459504,0.000049339
1.459000,0.025601874,0.000082118
1.461000,0.025316278,0.000100439
1.463000,0.025033131,0.000174124
1.465000,0.025927323,0.000273987
1.467000,0.026043191,0.000277271
1.469000,0.026551771,0.000216522
1.471000,0.027258298,0.000232267
1.473000,0.027144247,0.000250692
1.475000,0.026278348,0.000216209
1.477000,0.025675005,0.000409507
1.479000,0.025159903,0.000827045
1.481000,0.022300196,0.001100655
1.483000,0.015413602,0.000974698
1.485000,0.007832972,0.000569306
1.487000,0.002750004,0.000368610
1.489000,0.002524587,0.000377544
1.491000,0.004222989,0.000317730
1.493000,0.006498898,0.000288898
1.495000,0.005387333,0.000296421
1.497000,0.002144213,0.000366361
1.499000,0.002338342,0.000447910
1.501000,0.003246682,0.000445714
1.503000,0.004566337,0.000353524
1.505000,0.004471629,0.000260620
1.507000,0.004063664,0.000317933
1.509000,0.004249060,0.000445508
1.511000,0.003142004,0.000457127
1.513000,0.001882647,0.000293552
1.515000,0.003934548,0.000219046
1.517000,0.005162910,0.000384984
1.519000,0.004886571,0.000404994
1.521000,0.004673779,0.000255026
1.523000,0.003368272,0.000212792
1.525000,0.003286953,0.000284250
1.527000,0.003243523,0.000177208
1.529000,0.002846946,0.000346112
1.531000,0.007022504,0.000626299
1.533000,0.013192118,0.000669142
1.535000,0.020393609,0.000498662
1.537000,0.022405220,0.000296035
1.539000,0.019554383,0.000175089
1.541000,0.016597964,0.000407697
1.543000,0.017284674,0.000768538
1.545000,0.020765469,0.000687676
1.547000,0.022217494,0.001283256
1.549000,0.020987673,0.004654007
1.551000,0.019537795,0.009121409
1.553000,0.020383871,0.012943575
1.555000,0.022269502,0.015037122
1.557000,0.021265991,0.015616878
1.559000,0.021188229,0.015583989
1.561000,0.021703179,0.015644098
1.563000,0.022177083,0.015971262
1.565000,0.024638873,0.016341636
1.567000,0.025369395,0.016440187
1.569000,0.024943669,0.016151959
1.571000,0.024536079,0.015653875
1.573000,0.024019470,0.015212613
1.575000,0.022915594,0.014986451
1.577000,0.019186281,0.015046098
1.579000,0.015217947,0.015372574
1.581000,0.011571272,0.015802949
1.583000,0.008470753,0.016134550
1.585000,0.005067257,0.016288373
1.587000,0.004098675,0.016294198
1.589000,0.005048468,0.016146363
1.591000,0.006850195,0.015822966
1.593000,0.005850111,0.015428247
1.595000,0.004414587,0.015169727
1.597000,0.003751808,0.015194323
1.599000,0.004530313,0.015484385
1.601000,0.005640826,0.015895369
1.603000,0.005442428,0.016253416
1.605000,0.003895959,0.016415469
1.607000,0.004218181,0.016302150
1.609000,0.003648740,0.015930791
1.611000,0.002592779,0.015421402
1.613000,0.003355314,0.014954704
1.615000,0.003831580,0.014714039
1.617000,0.002771651,0.014832738
1.619000,0.004419724,0.015309231
1.621000,0.005240139,0.015936645
1.623000,0.003567655,0.016414295
1.625000,0.003308221,0.016561902
1.627000,0.002705420,0.016388800
1.629000,0.003179130,0.016043085
1.631000,0.009023906,0.015749153
1.633000,0.015891688,0.015687206
1.635000,0.019321575,0.015817007
1.637000,0.019269379,0.015922670
1.639000,0.019255373,0.015940490
1.641000,0.020283926,0.016034341
1.643000,0.021676211,0.016180169
1.645000,0.022250367,0.015807675
1.647000,0.021517738,0.014024655
1.649000,0.021928666,0.010399356
1.651000,0.022439852,0.005761142
1.653000,0.022263693,0.001909256
1.655000,0.021213832,0.000837686
1.657000,0.021162089,0.001034828
1.659000,0.022535136,0.000629813
1.661000,0.024171633,0.000199812
1.663000,0.025079500,0.000181271
1.665000,0.025689543,0.000417306
1.667000,0.024938903,0.000576012
1.669000,0.022756605,0.000608993
1.671000,0.021519455,0.000556137
1.673000,0.020920134,0.000386684
1.675000,0.020917609,0.000197913
1.677000,0.021135181,0.000246286
1.679000,0.017032086,0.000213155
1.681000,0.009625313,0.000128050
1.683000,0.003992101,0.000149962
1.685000,0.002911971,0.000120281
1.687000,0.004855703,0.000070534
1.689000,0.007207253,0.000049633
1.691000,0.006338703,0.000032527
1.693000,0.004084990,0.000063559
1.695000,0.003373862,0.000085639
1.697000,0.005257831,0.000073263
1.699000,0.005992086,0.000070249
1.701000,0.005120712,0.000166458
1.703000,0.003826779,0.000311008
1.705000,0.003978563,0.000363477
1.707000,0.003594304,0.000288584
1.709000,0.002234011,0.000221276
1.711000,0.002302354,0.000287845
1.713000,0.003643037,0.000372833
1.715000,0.003530581,0.000318880
1.717000,0.003455610,0.000178736
1.719000,0.003568347,0.000152685
1.721000,0.002850053,0.000266520
1.723000,0.002295841,0.000321191
1.725000,0.002732330,0.000213040
1.727000,0.006526476,0.000055898
1.729000,0.012146543,0.000054469
1.731000,0.018690137,0.000025814
1.733000,0.021524000,0.000025074
1.735000,0.019950523,0.000022665
1.737000,0.017129196,0.000022722
1.739000,0.016555107,0.000031497
1.741000,0.018925294,0.000030061
1.743000,0.020645306,0.000030858
1.745000,0.020469105,0.000028814
1.747000,0.018564245,0.000025056
1.749000,0.018673442,0.000019279
1.751000,0.020271238,0.000013844
1.753000,0.019847008,0.000008182
1.755000,0.019534244,0.000009359
1.757000,0.021391365,0.000032723
1.759000,0.022041924,0.000082303
1.761000,0.023492607,0.000162694
1.763000,0.024431089,0.000263801
1.765000,0.023735073,0.000359456
1.767000,0.022635870,0.000428685
1.769000,0.021672336,0.000469267
1.771000,0.021528516,0.000485669
1.773000,0.022119281,0.000487808
1.775000,0.021134357,0.000488844
1.777000,0.016529670,0.000492789
1.779000,0.009683918,0.000491685
1.781000,0.005458061,0.000481562
1.783000,0.004614222,0.000445802
1.785000,0.004764764,0.000380399
1.787000,0.008137096,0.000293223
1.789000,0.009023823,0.000194830
1.791000,0.005386150,0.000109003
1.793000,0.004334319,0.000046081
1.795000,0.004971629,0.000010700
1.797000,0.005840822,0.000004729
1.799000,0.006259581,0.000013686
1.801000,0.005865862,0.000036375
1.803000,0.005021335,0.000070671
1.805000,0.003870037,0.000098379
1.807000,0.002184840,0.000101627
1.809000,0.002597007,0.000121619
1.811000,0.003570206,0.000231366
1.813000,0.003524170,0.000361755
1.815000,0.004193857,0.000437415
1.817000,0.005454799,0.000437802
1.819000,0.004198047,0.000354828
1.821000,0.002538903,0.000195545
1.823000,0.001716426,0.000389589
1.825000,0.005532387,0.000737054
1.827000,0.012287540,0.000832731
1.829000,0.018241269,0.000565291
1.831000,0.022225729,0.000162881
1.833000,0.021441473,0.000299901
1.835000,0.018094255,0.000376247
1.837000,0.015086452,0.000265937
1.839000,0.017222791,0.000157093
1.841000,0.021017644,0.000185107
1.843000,0.021078987,0.000285178
1.845000,0.018764004,0.000361564
1.847000,0.018298624,0.000406595
1.849000,0.019568426,0.000400492
1.851000,0.019963578,0.000338753
1.853000,0.019776942,0.000252163
1.855000,0.019910328,0.000161666
1.857000,0.021449803,0.000098162
1.859000,0.023521453,0.000047070
1.861000,0.024143173,0.000032902
1.863000,0.023168366,0.000074615
1.865000,0.021895020,0.000100694
1.867000,0.021325894,0.000149639
1.869000,0.021527861,0.000216191
1.871000,0.022700904,0.000275267
1.873000,0.022639686,0.000308361
1.875000,0.019262445,0.000345240
1.877000,0.013940866,0.000362289
1.879000,0.007352735,0.000358744
1.881000,0.005263501,0.000366521
1.883000,0.004851607,0.000368521
1.885000,0.006439773,0.000345317
1.887000,0.007371973,0.000270934
1.889000,0.004637002,0.000321596
1.891000,0.003048692,0.000358142
1.893000,0.004778684,0.000198330
1.895000,0.006408161,0.000227639
1.897000,0.005847311,0.000440435
1.899000,0.004490238,0.000409887
1.901000,0.004043512,0.000154312
1.903000,0.004274668,0.000304196
1.905000,0.002842066,0.000457091
1.907000,0.001132097,0.000351654
1.909000,0.002529093,0.000126930
1.911000,0.003957505,0.000227354
1.913000,0.003407616,0.000308241
1.915000,0.003915573,0.000230650
1.917000,0.003790678,0.000138281
1.919000,0.001999639,0.000213928
1.921000,0.001523122,0.000477513
1.923000,0.002404463,0.000737854
1.925000,0.007532721,0.000843349
1.927000,0.013536757,0.000761274
1.929000,0.019681907,0.000531174
1.931000,0.020023017,0.000218118
1.933000,0.018524646,0.000115037
1.935000,0.017282451,0.000210612
1.937000,0.018761126,0.000181899
1.939000,0.020954120,0.000089626
1.941000,0.021976724,0.000034442
1.943000,0.022307766,0.000050233
1.945000,0.022631600,0.000036107
1.947000,0.022928913,0.000016103
1.949000,0.022168367,0.000011723
1.951000,0.021680962,0.000008938
1.953000,0.022421379,0.000004474
1.955000,0.023832738,0.000003301
1.957000,0.024401191,0.000002794
1.959000,0.024354291,0.000002011
1.961000,0.024417587,0.000001367
1.963000,0.022934692,0.000000587
1.965000,0.021596456,0.000001591
1.967000,0.021228463,0.000002365
1.969000,0.022700315,0.000001819
1.971000,0.023073109,0.000000741
1.973000,0.018927781,0.000000354
1.975000,0.015193731,0.000001152
1.977000,0.006923098,0.000000770
1.979000,0.003767217,0.000001962
1.981000,0.005324119,0.000002010
1.983000,0.006891977,0.000004169
1.985000,0.007142010,0.000005469
1.987000,0.004481867,0.000009069
1.989000,0.002865254,0.000018794
1.991000,0.003842822,0.000034229
1.993000,0.004694513,0.000052439
1.995000,0.004750118,0.000056220
1.997000,0.004638528,0.000041347
1.999000,0.003923124,0.000087179
2.001000,0.003826711,0.000190701
2.003000,0.002892275,0.000294568
2.005000,0.002494917,0.000359552
2.007000,0.003748586,0.000370133
2.009000,0.004134017,0.000327743
2.011000,0.003168367,0.000232510
2.013000,0.003744844,0.000112087
2.015000,0.002982180,0.000076217
2.017000,0.002582776,0.000084640
2.019000,0.003095590,0.000188048
2.021000,0.005060098,0.000395738
2.023000,0.009758417,0.000525697
2.025000,0.016243781,0.000505009
2.027000,0.022046404,0.000419644
2.029000,0.021300642,0.000397885
2.031000,0.018917072,0.000409841
2.033000,0.016455665,0.000414292
2.035000,0.017522076,0.000423102
2.037000,0.020284424,0.000402583
2.039000,0.021670842,0.000348178
2.041000,0.019350537,0.000314565
2.043000,0.017913476,0.000267642
2.045000,0.019649899,0.000171305
2.047000,0.020964208,0.000082667
2.049000,0.021631547,0.000040218
2.051000,0.022135941,0.000019348
2.053000,0.022735554,0.000005223
2.055000,0.023671609,0.000006052
2.057000,0.023691261,0.000003545
2.059000,0.023751534,0.000001798
2.061000,0.022873155,0.000001260
2.063000,0.023685898,0.000002489
2.065000,0.023687450,0.000001092
2.067000,0.024330339,0.000001671
2.069000,0.025844339,0.000001266
2.071000,0.022971139,0.000001039
2.073000,0.016815478,0.000001355
2.075000,0.008486023,0.000000837
2.077000,0.004555712,0.000002697
2.079000,0.006355939,0.000003666
2.081000,0.006907597,0.000005336
2.083000,0.007626945,0.000006640
2.085000,0.006623132,0.000005489
2.087000,0.003924390,0.000008429
2.089000,0.004982825,0.000006977
2.091000,0.006227671,0.000006100
2.093000,0.006215762,0.000011118
2.095000,0.005608783,0.000015049
2.097000,0.004679682,0.000027328
2.099000,0.004457244,0.000035643
2.101000,0.003266809,0.000057504
2.103000,0.003205037,0.000071827
2.105000,0.004094979,0.000083986
2.107000,0.004066604,0.000108272
2.109000,0.004004725,0.000122482
2.111000,0.004335934,0.000133648
2.113000,0.003985629,0.000153130
2.115000,0.004014779,0.000163278
2.117000,0.002188776,0.000181796
2.119000,0.002416985,0.000202603
2.121000,0.007897937,0.000220179
2.123000,0.015584969,0.000233576
2.125000,0.021818465,0.000236830
2.127000,0.022449622,0.000227020
2.129000,0.020200562,0.000197110
2.131000,0.017426483,0.000166577
2.133000,0.016755221,0.000125090
2.135000,0.018997257,0.000088994
2.137000,0.021184356,0.000055794
2.139000,0.021596180,0.000041810
2.141000,0.020693839,0.000024328
2.143000,0.019524771,0.000013241
2.145000,0.019171278,0.000023559
2.147000,0.019741628,0.000015876
2.149000,0.020478272,0.000016877
2.151000,0.021140847,0.000020742
2.153000,0.022515530,0.000015629
2.155000,0.023693529,0.000013690
2.157000,0.023625534,0.000013006
2.159000,0.023017350,0.000005319
2.161000,0.022554356,0.000015143
2.163000,0.021973714,0.000011729
2.165000,0.022074844,0.000019559
2.167000,0.023099464,0.000025401
2.169000,0.021859951,0.000013666
2.171000,0.016774877,0.000030046
2.173000,0.008659542,0.000015822
2.175000,0.003009222,0.000016424
2.177000,0.003281981,0.000016805
2.179000,0.005235763,0.000005841
2.181000,0.007873195,0.000010809
2.183000,0.006790939,0.000025967
2.185000,0.003460754,0.000071103
2.187000,0.004241013,0.000112960
2.189000,0.005107129,0.000097603
2.191000,0.005143798,0.000038769
2.193000,0.005419398,0.000164493
2.195000,0.005019754,0.000328215
2.197000,0.004892331,0.000451645
2.199000,0.003613120,0.000488251
2.201000,0.002270904,0.000421796
2.203000,0.003471000,0.000266217
2.205000,0.004921950,0.000093969
2.207000,0.004778948,0.000236567
2.209000,0.004568935,0.000362807
2.211000,0.003545963,0.000336085
2.213000,0.002514793,0.000276964
2.215000,0.002243277,0.000407501
2.217000,0.003689965,0.000549687
2.219000,0.008239291,0.000589563
2.221000,0.013869551,0.000534129
2.223000,0.020466869,0.000419226
2.225000,0.023167213,0.000317387
2.227000,0.021028892,0.000293658
2.229000,0.017304138,0.000345141
2.231000,0.015963819,0.000389047
2.233000,0.019647886,0.000374301
2.235000,0.021433042,0.000312274
2.237000,0.020475290,0.000225083
2.239000,0.020954828,0.000133388
2.241000,0.020044662,0.000067636
2.243000,0.021663287,0.000037038
2.245000,0.021738056,0.000033277
2.247000,0.022044839,0.000056059
2.249000,0.023358272,0.000093357
2.251000,0.023982538,0.000111133
2.253000,0.024664131,0.000097841
2.255000,0.025090777,0.000186014
2.257000,0.024463901,0.000370251
2.259000,0.023872230,0.000514642
2.261000,0.023735102,0.000539097
2.263000,0.023642237,0.000448517
2.265000,0.023753602,0.000303629
2.267000,0.023180774,0.000301091
2.269000,0.018303421,0.000452101
2.271000,0.010851926,0.000549950
2.273000,0.006481078,0.000511068
2.275000,0.005178081,0.000364084
2.277000,0.006146018,0.000186519
2.279000,0.008784707,0.000100773
2.281000,0.007797442,0.000117066
2.283000,0.004921314,0.000102546
2.285000,0.003686187,0.000062827
2.287000,0.004560443,0.000035304
2.289000,0.005578093,0.000034564
2.291000,0.005708792,0.000044699
2.293000,0.004744115,0.000056467
2.295000,0.004892812,0.000048361
2.297000,0.004669376,0.000020834
2.299000,0.002865994,0.000061283
2.301000,0.002484311,0.000135443
2.303000,0.003534431,0.000206812
2.305000,0.003697138,0.000277044
2.307000,0.003795677,0.000356568
2.309000,0.003872923,0.000429156
2.311000,0.003513125,0.000466195
2.313000,0.002789213,0.000481979
2.315000,0.002280856,0.000486354
2.317000,0.002209989,0.000462444
2.319000,0.001358513,0.000424005
2.321000,0.002036388,0.000386828
2.323000,0.002149664,0.000338181
2.325000,0.000999682,0.000300476
2.327000,0.000874356,0.000285422
2.329000,0.001181035,0.000268258
2.331000,0.000603861,0.000245987
2.333000,0.000421520,0.000226570
2.335000,0.000973577,0.000216947
2.337000,0.001480629,0.000214845
2.339000,0.000916589,0.000205502
2.341000,0.000774551,0.000178813
2.343000,0.001012595,0.000159175
2.345000,0.001300360,0.000147194
2.347000,0.001462305,0.000118612
2.349000,0.000993458,0.000096638
2.351000,0.001344404,0.000101574
2.353000,0.001131945,0.000128458
2.355000,0.000938976,0.000123366
2.357000,0.000746134,0.000068671
2.359000,0.000849106,0.000147891
2.361000,0.000349780,0.000132336
2.363000,0.000598173,0.000105448
2.365000,0.000644465,0.000265530
2.367000,0.000417741,0.000267496
2.369000,0.000369032,0.000134080
2.371000,0.000581571,0.000233319
2.373000,0.001001655,0.000309109
2.375000,0.001022653,0.000214823
2.377000,0.000754789,0.000136968
2.379000,0.000449815,0.000295594
2.381000,0.001154374,0.000398726
2.383000,0.000544535,0.000358401
2.385000,0.000674508,0.000265394
2.387000,0.000287056,0.000263883
2.389000,0.000214863,0.000236982
2.391000,0.000184290,0.000115354
2.393000,0.000329320,0.000077256
2.395000,0.000229739,0.000145500
2.397000,0.000145074,0.000169779
2.399000,0.000190389,0.000309604
2.401000,0.000658839,0.000471215
2.403000,0.000361279,0.000486981
2.405000,0.000666636,0.000434535
2.407000,0.000432143,0.000445699
2.409000,0.000351981,0.000359342
2.411000,0.000489962,0.000153663
2.413000,0.000257521,0.000307776
2.415000,0.000317958,0.000460818
2.417000,0.000136365,0.000404752
2.419000,0.000201512,0.000241770
2.421000,0.000162050,0.000102604
2.423000,0.000197766,0.000058804
2.425000,0.000202131,0.000174676
2.427000,0.000284559,0.000239990
2.429000,0.000402538,0.000210540
2.431000,0.000299470,0.000138491
2.433000,0.000420704,0.000124561
2.435000,0.000207557,0.000139945
2.437000,0.000250526,0.000135269
2.439000,0.000271386,0.000125913
2.441000,0.000321865,0.000088118
2.443000,0.000447675,0.000112807
2.445000,0.000303341,0.000155818
2.447000,0.000407255,0.000112857
2.449000,0.000437939,0.000096879
2.451000,0.000369800,0.000141990
2.453000,0.000463001,0.000131867
2.455000,0.000578799,0.000175381
2.457000,0.000683961,0.000186800
2.459000,0.000644216,0.000112305
2.461000,0.000703226,0.000172443
2.463000,0.000425188,0.000229445
2.465000,0.000666124,0.000147065
2.467000,0.001031995,0.000084061
2.469000,0.000494827,0.000153596
2.471000,0.000206257,0.000161230
2.473000,0.000141602,0.000139726
2.475000,0.000200288,0.000156133
2.477000,0.000526888,0.000212381
2.479000,0.000826543,0.000273278
2.481000,0.000728829,0.000322179
2.483000,0.000277500,0.000358653
2.485000,0.000585015,0.000388528
2.487000,0.000333569,0.000419574
2.489000,0.000292933,0.000449775
2.491000,0.000414425,0.000449475
2.493000,0.000290469,0.000376725
2.495000,0.000478715,0.000215120
2.497000,0.000287306,0.000059972
2.499000,0.000241363,0.000161087
2.501000,0.000342656,0.000164500
2.503000,0.000219808,0.000063157
2.505000,0.000453322,0.000124354
2.507000,0.000264952,0.000264905
2.509000,0.000318088,0.000376375
2.511000,0.000438865,0.000398676
2.513000,0.000750820,0.000312660
2.515000,0.000624661,0.000208019
2.517000,0.000694189,0.000197882
2.519000,0.000456388,0.000218645
2.521000,0.000222159,0.000221129
2.523000,0.000208673,0.000223631
2.525000,0.000358415,0.000226706
2.527000,0.000302638,0.000210650
2.529000,0.000153108,0.000202115
2.531000,0.000374856,0.000260956
2.533000,0.000556911,0.000301134
2.535000,0.000388072,0.000224790
2.537000,0.000483424,0.000090912
2.539000,0.000375691,0.000157428
2.541000,0.000721899,0.000175933
2.543000,0.000839579,0.000136080
2.545000,0.000701073,0.000203668
2.547000,0.000482715,0.000204043
2.549000,0.000961927,0.000210704
2.551000,0.000827128,0.000351233
2.553000,0.000385201,0.000334431
2.555000,0.000316282,0.000191199
2.557000,0.000282212,0.000330902
2.559000,0.000194953,0.000427994
2.561000,0.000523024,0.000300609
2.563000,0.000428522,0.000082086
2.565000,0.000252939,0.000170970
2.567000,0.000225864,0.000243540
2.569000,0.000215332,0.000263334
2.571000,0.000240918,0.000222362
2.573000,0.000251155,0.000119061
2.575000,0.000372898,0.000070571
2.577000,0.000600216,0.000109770
2.579000,0.000458577,0.000104701
2.581000,0.000369452,0.000056668
2.583000,0.000221341,0.000058082
2.585000,0.000134513,0.000097640
2.587000,0.000239454,0.000101642
2.589000,0.000390086,0.000122720
2.591000,0.000455397,0.000157066
2.593000,0.000503549,0.000130517
2.595000,0.000391477,0.000061602
2.597000,0.000734019,0.000159098
2.599000,0.000511500,0.000230203
2.601000,0.000355021,0.000190014
2.603000,0.000485473,0.000137009
2.605000,0.000360630,0.000164110
2.607000,0.000267571,0.000175387
2.609000,0.000626337,0.000174213
2.611000,0.000534475,0.000150489
2.613000,0.000293168,0.000118920
2.615000,0.000723164,0.000120555
2.617000,0.000346035,0.000137893
2.619000,0.000595120,0.000194033
2.621000,0.000322899,0.000238321
2.623000,0.000344805,0.000244035
2.625000,0.000289131,0.000226325
2.627000,0.000526826,0.000213143
2.629000,0.000638447,0.000209123
2.631000,0.000642651,0.000205652
2.633000,0.000375505,0.000195118
2.635000,0.000242574,0.000178754
2.637000,0.000273680,0.000169451
2.639000,0.000330835,0.000170307
2.641000,0.000343505,0.000170757
2.643000,0.000269897,0.000171859
2.645000,0.000249092,0.000188628
2.647000,0.000267893,0.000225858
2.649000,0.000389721,0.000251609
2.651000,0.000250109,0.000252974
2.653000,0.000268090,0.000240705
2.655000,0.000206719,0.000195679
2.657000,0.000308890,0.000129123
2.659000,0.000279932,0.000085425
2.661000,0.000312440,0.000045862
2.663000,0.000216406,0.000033789
2.665000,0.000323157,0.000036706
2.667000,0.000444862,0.000022471
2.669000,0.000404200,0.000026299
2.671000,0.000525526,0.000015280
2.673000,0.000303452,0.000019802
2.675000,0.000371377,0.000026182
2.677000,0.000490657,0.000079941
2.679000,0.000353347,0.000099596
2.681000,0.000350253,0.000083603
2.683000,0.000320940,0.000139428
2.685000,0.000412226,0.000181582
2.687000,0.000531602,0.000139209
2.689000,0.000674752,0.000068598
2.691000,0.000402083,0.000220808
2.693000,0.000545269,0.000353919
2.695000,0.000367859,0.000363071
2.697000,0.000268170,0.000270888
2.699000,0.000499886,0.000289947
2.701000,0.000480595,0.000387819
2.703000,0.000339253,0.000345738
2.705000,0.000402757,0.000161575
2.707000,0.000201071,0.000199621
2.709000,0.000432492,0.000403011
2.711000,0.000375387,0.000484005
2.713000,0.000465180,0.000444150
2.715000,0.000333823,0.000337478
2.717000,0.000362339,0.000196648
2.719000,0.000594203,0.000136352
2.721000,0.000265819,0.000220847
2.723000,0.000325971,0.000206532
2.725000,0.000389170,0.000090440
2.727000,0.000360719,0.000238477
2.729000,0.000398104,0.000375543
2.731000,0.000296229,0.000333379
2.733000,0.000452040,0.000163759
2.735000,0.000611884,0.000148323
2.737000,0.000397527,0.000222581
2.739000,0.000307144,0.000268978
2.741000,0.000398138,0.000351348
2.743000,0.000303305,0.000302223
2.745000,0.000654811,0.000129077
2.747000,0.000623375,0.000260401
2.749000,0.000240427,0.000299290
2.751000,0.000277092,0.000221039
2.753000,0.000180924,0.000228497
2.755000,0.000171511,0.000231355
2.757000,0.000200546,0.000195621
2.759000,0.000864987,0.000259832
2.761000,0.000781078,0.000351613
2.763000,0.000133939,0.000385599
2.765000,0.000505927,0.000403817
2.767000,0.000943571,0.000434101
2.769000,0.000649132,0.000371632
2.771000,0.000211066,0.000191812
2.773000,0.000531037,0.000150076
2.775000,0.000574165,0.000291455
2.777000,0.000810949,0.000293309
2.779000,0.000464086,0.000166157
2.781000,0.000272536,0.000137709
2.783000,0.000424516,0.000241219
2.785000,0.000609846,0.000246198
2.787000,0.000406229,0.000143987
2.789000,0.000485687,0.000129922
2.791000,0.000315179,0.000225612
2.793000,0.000355338,0.000264173
2.795000,0.000236449,0.000246289
2.797000,0.000170231,0.000199766
2.799000,0.000073798,0.000166803
2.801000,0.000112290,0.000184993
2.803000,0.000261757,0.000244789
2.805000,0.000322712,0.000299397
2.807000,0.000333106,0.000329843
2.809000,0.000404034,0.000297300
2.811000,0.000196784,0.000197805
2.813000,0.000334207,0.000285266
2.815000,0.000320577,0.000413666
2.817000,0.000416262,0.000374214
2.819000,0.000732677,0.000262691
2.821000,0.000460635,0.000271145
2.823000,0.000266492,0.000274698
2.825000,0.000308545,0.000211635
2.827000,0.000281503,0.000161942
2.829000,0.000383942,0.000171521
2.831000,0.000845281,0.000177852
2.833000,0.000669974,0.000136473
2.835000,0.000598818,0.000091961
2.837000,0.000311137,0.000064600
2.839000,0.000480163,0.000026562
2.841000,0.000441284,0.000041413
2.843000,0.000336975,0.000045184
2.845000,0.000524568,0.000030669
2.847000,0.000518015,0.000083235
2.849000,0.000259563,0.000104163
2.851000,0.000529155,0.000089970
2.853000,0.000573028,0.000147940
2.855000,0.000337885,0.000213330
2.857000,0.000567950,0.000201485
2.859000,0.000177612,0.000101438
2.861000,0.000505401,0.000118002
2.863000,0.000454267,0.000242535
2.865000,0.000569495,0.000264305
2.867000,0.000314084,0.000333416
2.869000,0.000356297,0.000484687
2.871000,0.000221783,0.000508294
2.873000,0.000444957,0.000361614
2.875000,0.000301430,0.000198673
2.877000,0.000437838,0.000130216
2.879000,0.000488032,0.000080151
2.881000,0.000909726,0.000136934
2.883000,0.000576737,0.000193935
2.885000,0.000632500,0.000194422
2.887000,0.000444686,0.000161515
2.889000,0.000325341,0.000131352
2.891000,0.000533476,0.000222485
2.893000,0.000506762,0.000274174
2.895000,0.000388902,0.000158300
2.897000,0.000194000,0.000153242
2.899000,0.000548492,0.000278704
2.901000,0.000240557,0.000291039
2.903000,0.000256073,0.000266883
2.905000,0.000319200,0.000177107
2.907000,0.000930396,0.000114558
2.909000,0.000862240,0.000322903
2.911000,0.000592814,0.000389907
2.913000,0.000466890,0.000260484
2.915000,0.000312160,0.000077212
2.917000,0.000415508,0.000126939
2.919000,0.000246431,0.000255951
2.921000,0.000508174,0.000333920
2.923000,0.000280899,0.000339851
2.925000,0.000601280,0.000356573
2.927000,0.000729071,0.000450209
2.929000,0.000469664,0.000509133
2.931000,0.000257417,0.000450888
2.933000,0.000182802,0.000300801
2.935000,0.000274114,0.000136977
2.937000,0.000462625,0.000026963
2.939000,0.000495178,0.000042270
2.941000,0.000198306,0.000044129
2.943000,0.000119032,0.000085440
2.945000,0.000162205,0.000263942
2.947000,0.000338914,0.000407979
2.949000,0.000447096,0.000384217
2.951000,0.000252159,0.000192502
2.953000,0.000391829,0.000142988
2.955000,0.000328118,0.000322009
2.957000,0.000561440,0.000357993
2.959000,0.000449892,0.000253555
2.961000,0.000260606,0.000101078
2.963000,0.000257242,0.000057595
2.965000,0.000291929,0.000130949
2.967000,0.000322717,0.000158921
2.969000,0.000157666,0.000139621
2.971000,0.000486424,0.000102493
2.973000,0.000469921,0.000117836
2.975000,0.000590051,0.000155981
2.977000,0.000437750,0.000187720
2.979000,0.000516548,0.000222538
2.981000,0.000560387,0.000228474
2.983000,0.000636880,0.000144803
2.985000,0.000112864,0.000066209
2.987000,0.000312516,0.000197914
2.989000,0.000270390,0.000265339
2.991000,0.000376961,0.000244372
2.993000,0.000218956,0.000184434
2.995000,0.000179882,0.000250757
2.997000,0.000318121,0.000340447
2.999000,0.001037770,0.000307232
3.001000,0.000711163,0.000376488
3.003000,0.000807516,0.000461245
3.005000,0.000252488,0.000293029
3.007000,0.000311046,0.000303025
3.009000,0.000306194,0.000512726
3.011000,0.000206976,0.000448463
3.013000,0.000264364,0.000175979
3.015000,0.000525886,0.000192190
3.017000,0.000603346,0.000370232
3.019000,0.000644863,0.000390449
3.021000,0.000270180,0.000255578
3.023000,0.000584222,0.000153876
3.025000,0.000483387,0.000306787
3.027000,0.000623084,0.000358508
3.029000,0.000551869,0.000216537
3.031000,0.000632843,0.000167408
3.033000,0.000877574,0.000359706
3.035000,0.000445021,0.000347609
3.037000,0.000631172,0.000128279
3.039000,0.000581181,0.000213106
3.041000,0.000210556,0.000295933
3.043000,0.000183901,0.000160479
3.045000,0.000381091,0.000119753
3.047000,0.000371618,0.000250156
3.049000,0.000484393,0.000262428
3.051000,0.000472786,0.000217604
3.053000,0.000538254,0.000189041
3.055000,0.000504169,0.000195442
3.057000,0.000229423,0.000194526
3.059000,0.000344850,0.000165315
3.061000,0.000406681,0.000138350
3.063000,0.000651043,0.000141791
3.065000,0.000290370,0.000170511
3.067000,0.000360985,0.000201839
3.069000,0.000169513,0.000219483
3.071000,0.000289709,0.000221852
3.073000,0.000170031,0.000215138
3.075000,0.000268653,0.000206600
3.077000,0.000248613,0.000204984
3.079000,0.000218853,0.000210595
3.081000,0.000120826,0.000211328
3.083000,0.000344383,0.000193579
3.085000,0.000141117,0.000169282
3.087000,0.000166343,0.000167290
3.089000,0.000455573,0.000162893
3.091000,0.000480381,0.000201946
3.093000,0.000215705,0.000245256
3.095000,0.000329926,0.000179623
3.097000,0.000334748,0.000156576
3.099000,0.000528296,0.000191129
3.101000,0.000427061,0.000147931
3.103000,0.000341148,0.000102968
3.105000,0.000167785,0.000123234
3.107000,0.000311589,0.000121173
3.109000,0.000479056,0.000138154
3.111000,0.000258645,0.000197562
3.113000,0.000324502,0.000214112
3.115000,0.000305633,0.000184498
3.117000,0.000281282,0.000153907
3.119000,0.000151040,0.000148291
3.121000,0.000226018,0.000152174
3.123000,0.000123114,0.000140985
3.125000,0.000190752,0.000107787
3.127000,0.000209923,0.000102159
3.129000,0.000286935,0.000148726
3.131000,0.000507499,0.000174272
3.133000,0.000309156,0.000127116
3.135000,0.000496296,0.000068712
3.137000,0.000240119,0.000221378
3.139000,0.000497957,0.000273256
3.141000,0.000674153,0.000174580
3.143000,0.000393465,0.000100736
3.145000,0.000490323,0.000109769
3.147000,0.000181272,0.000107774
3.149000,0.000234461,0.000198121
3.151000,0.000705825,0.000300212
3.153000,0.000601371,0.000350096
3.155000,0.000217924,0.000301728
3.157000,0.000418175,0.000237157
3.159000,0.000507692,0.000182173
3.161000,0.000363541,0.000120439
3.163000,0.000540709,0.000110119
3.165000,0.000509099,0.000149968
3.167000,0.000684313,0.000261947
3.169000,0.000723476,0.000307627
3.171000,0.000624787,0.000180289
3.173000,0.000547793,0.000127715
3.175000,0.000376515,0.000332875
3.177000,0.000467351,0.000417166
3.179000,0.000238128,0.000389449
3.181000,0.000298548,0.000354645
3.183000,0.000261347,0.000363069
3.185000,0.000337366,0.000362017
3.187000,0.000587730,0.000321550
3.189000,0.000404271,0.000261257
3.191000,0.000581405,0.000208684
3.193000,0.000283831,0.000165069
3.195000,0.000343838,0.000134434
3.197000,0.000208509,0.000129646
3.199000,0.000270655,0.000109352
3.201000,0.000407343,0.000074518
3.203000,0.000538789,0.000048824
3.205000,0.000321770,0.000037901
3.207000,0.000156415,0.000040805
3.209000,0.000506696,0.000049255
3.211000,0.000783599,0.000027086
3.213000,0.000216993,0.000068394
3.215000,0.000469299,0.000099707
3.217000,0.000628186,0.000064592
3.219000,0.000506530,0.000091162
3.221000,0.000356632,0.000146026
3.223000,0.000568186,0.000141941
3.225000,0.000370318,0.000150492
3.227000,0.000294525,0.000194240
3.229000,0.000520784,0.000209089
3.231000,0.000073542,0.000170929
3.233000,0.000350650,0.000215552
3.235000,0.000215664,0.000268532
3.237000,0.000132056,0.000195500
3.239000,0.000084328,0.000060802
3.241000,0.000225808,0.000177670
3.243000,0.000468030,0.000219474
3.245000,0.000388688,0.000152542
3.247000,0.000499643,0.000142518
3.249000,0.000333033,0.000167628
3.251000,0.000289322,0.000135160
3.253000,0.000626126,0.000181640
3.255000,0.000299597,0.000271310
3.257000,0.000474604,0.000271396
3.259000,0.000364071,0.000251410
3.261000,0.000353064,0.000299195
3.263000,0.000479134,0.000268469
3.265000,0.000245121,0.000133513
3.267000,0.000217247,0.000197377
3.269000,0.000085624,0.000320310
3.271000,0.000186980,0.000313864
3.273000,0.000397024,0.000201532
3.275000,0.000388628,0.000098107
3.277000,0.000546782,0.000154361
3.279000,0.000388863,0.000143299
3.281000,0.000242860,0.000139029
3.283000,0.000448488,0.000305893
3.285000,0.000839332,0.000341342
3.287000,0.000638617,0.000224758
3.289000,0.000401956,0.000283483
3.291000,0.000310276,0.000373810
3.293000,0.000493289,0.000274026
3.295000,0.000301267,0.000078664
3.297000,0.000231944,0.000113750
3.299000,0.000603794,0.000111743
3.301000,0.000422341,0.000115606
3.303000,0.000814252,0.000273389
3.305000,0.000474374,0.000385268
3.307000,0.000979166,0.000374800
3.309000,0.000445988,0.000246669
3.311000,0.000444573,0.000077826
3.313000,0.000440145,0.000196188
3.315000,0.000464953,0.000332353
3.317000,0.000912563,0.000347195
3.319000,0.000586508,0.000259405
3.321000,0.000458020,0.000124985
3.323000,0.000424980,0.000046214
3.325000,0.000416419,0.000089172
3.327000,0.000587014,0.000085791
3.329000,0.000376170,0.000045426
3.331000,0.000180318,0.000010702
3.333000,0.000277429,0.000010665
3.335000,0.000170053,0.000019452
3.337000,0.000588160,0.000033611
3.339000,0.000719906,0.000042993
3.341000,0.000813504,0.000060608
3.343000,0.000461399,0.000099178
3.345000,0.000617167,0.000140096
3.347000,0.000400796,0.000167748
3.349000,0.000445238,0.000182041
3.351000,0.000143443,0.000187464
3.353000,0.000346604,0.000181767
3.355000,0.000301101,0.000172398
3.357000,0.000363363,0.000176741
3.359000,0.000631057,0.000200622
3.361000,0.000361867,0.000216152
3.363000,0.000532037,0.000193957
3.365000,0.000369672,0.000140050
3.367000,0.000424325,0.000103555
3.369000,0.000283127,0.000134636
3.371000,0.000252206,0.000235239
3.373000,0.000388793,0.000362939
3.375000,0.000418739,0.000468359
3.377000,0.000376256,0.000512802
3.379000,0.000514667,0.000476480
3.381000,0.000609887,0.000388089
3.383000,0.000406946,0.000323419
3.385000,0.000507779,0.000255335
3.387000,0.000343373,0.000113540
3.389000,0.000308991,0.000167736
3.391000,0.000427357,0.000361690
3.393000,0.000262444,0.000467427
3.395000,0.000390445,0.000436576
3.397000,0.000479647,0.000321650
3.399000,0.000388541,0.000311795
3.401000,0.000569261,0.000427482
3.403000,0.000423696,0.000477607
3.405000,0.000189292,0.000369067
3.407000,0.000378793,0.000185050
3.409000,0.000235704,0.000116811
3.411000,0.000370451,0.000133875
3.413000,0.000236662,0.000148411
3.415000,0.000200371,0.000244976
3.417000,0.000462236,0.000389531
3.419000,0.000907319,0.000453412
3.421000,0.000498237,0.000355392
3.423000,0.000333772,0.000193374
3.425000,0.000237823,0.000156693
3.427000,0.000301390,0.000099693
3.429000,0.000450682,0.000057266
3.431000,0.000241311,0.000153707
3.433000,0.000391654,0.000217731
3.435000,0.000355949,0.000266206
3.437000,0.000427539,0.000295181
3.439000,0.000472539,0.000275936
3.441000,0.000370659,0.000213707
3.443000,0.000522230,0.000118642
3.445000,0.001014680,0.000107114
3.447000,0.000691283,0.000269064
3.449000,0.000466111,0.000322045
3.451000,0.000350630,0.000268019
3.453000,0.000379552,0.000189682
3.455000,0.000699575,0.000120728
3.457000,0.000682533,0.000063110
3.459000,0.000405946,0.000043328
3.461000,0.000409842,0.000039249
3.463000,0.000758449,0.000043677
3.465000,0.000358193,0.000040226
3.467000,0.000249775,0.000045513
3.469000,0.000363158,0.000082194
3.471000,0.000502468,0.000106651
3.473000,0.000406615,0.000105234
3.475000,0.000535121,0.000132592
3.477000,0.000473295,0.000159846
3.479000,0.000508612,0.000144189
3.481000,0.000201355,0.000161029
3.483000,0.000259990,0.000165872
3.485000,0.000490944,0.000161146
3.487000,0.000460518,0.000207881
3.489000,0.000528721,0.000227558
3.491000,0.000724752,0.000223864
3.493000,0.000478832,0.000258019
3.495000,0.000535551,0.000262895
3.497000,0.000252815,0.000208888
3.499000,0.000186100,0.000152463
3.501000,0.000587101,0.000110578
3.503000,0.000424535,0.000079940
3.505000,0.000651030,0.000097284
3.507000,0.000361195,0.000146857
3.509000,0.000331353,0.000234931
3.511000,0.000251479,0.000327136
3.513000,0.000492036,0.000356346
3.515000,0.000613080,0.000299568
3.517000,0.000490921,0.000209344
3.519000,0.000258131,0.000168392
3.521000,0.000516625,0.000158848
3.523000,0.000348918,0.000114837
3.525000,0.000181685,0.000042366
3.527000,0.000213374,0.000134006
3.529000,0.000509320,0.000274988
3.531000,0.000473154,0.000366003
3.533000,0.000615948,0.000358007
3.535000,0.000999532,0.000253064
3.537000,0.000593272,0.000098209
3.539000,0.000557164,0.000102016
3.541000,0.000688995,0.000165303
3.543000,0.000153871,0.000173310
3.545000,0.000169297,0.000165569
3.547000,0.000606536,0.000160395
3.549000,0.000458777,0.000168355
3.551000,0.000572173,0.000172290
3.553000,0.000406825,0.000172491
3.555000,0.000270510,0.000169517
3.557000,0.000400878,0.000149633
3.559000,0.000602187,0.000131289
3.561000,0.000426042,0.000106666
3.563000,0.000431932,0.000098171
3.565000,0.000374721,0.000097018
3.567000,0.000850347,0.000107982
3.569000,0.000577951,0.000112536
3.571000,0.000740886,0.000118186
3.573000,0.000609716,0.000112092
3.575000,0.000309607,0.000103817
3.577000,0.000320614,0.000085161
3.579000,0.000424753,0.000057406
3.581000,0.000697127,0.000027512
3.583000,0.000582251,0.000008794
3.585000,0.000208410,0.000031986
3.587000,0.000346073,0.000043303
3.589000,0.000290406,0.000043909
3.591000,0.000505644,0.000060875
3.593000,0.000714992,0.000062720
3.595000,0.000420422,0.000060852
3.597000,0.000231188,0.000084811
3.599000,0.000261183,0.000133396
3.601000,0.000145826,0.000232129
3.603000,0.000200145,0.000287319
3.605000,0.000190438,0.000257068
3.607000,0.000148668,0.000186869
3.609000,0.000225736,0.000106178
3.611000,0.000265649,0.000061965
3.613000,0.000286127,0.000210976
3.615000,0.000361848,0.000345020
3.617000,0.000278655,0.000361143
3.619000,0.000220594,0.000257299
3.621000,0.000617171,0.000221296
3.623000,0.000200210,0.000283801
3.625000,0.000524114,0.000277253
3.627000,0.000501918,0.000229100
3.629000,0.000257357,0.000214062
3.631000,0.000458899,0.000215763
3.633000,0.000827157,0.000187070
3.635000,0.000494143,0.000137644
3.637000,0.000432061,0.000096769
3.639000,0.000482662,0.000067650
3.641000,0.000290348,0.000038270
3.643000,0.000372514,0.000016237
3.645000,0.000422898,0.000029299
3.647000,0.000376137,0.000032872
3.649000,0.000273502,0.000028123
3.651000,0.000067043,0.000011833
3.653000,0.000366561,0.000018554
3.655000,0.000681456,0.000034066
3.657000,0.000402363,0.000028878
3.659000,0.000219145,0.000070192
3.661000,0.000420067,0.000177215
3.663000,0.000114592,0.000249346
3.665000,0.000230937,0.000222442
3.667000,0.000370018,0.000123016
3.669000,0.000388226,0.000090797
3.671000,0.000515483,0.000305184
3.673000,0.000464755,0.000471344
3.675000,0.000455836,0.000466105
3.677000,0.000605923,0.000300420
3.679000,0.000251094,0.000105324
3.681000,0.000310267,0.000108789
3.683000,0.000697894,0.000105878
3.685000,0.000297365,0.000133372
3.687000,0.000469388,0.000186036
3.689000,0.000463795,0.000114169
3.691000,0.000271750,0.000093142
3.693000,0.000333345,0.000173122
3.695000,0.000195248,0.000095865
3.697000,0.000296606,0.000124463
3.699000,0.000454927,0.000170722
3.701000,0.000365134,0.000162350
3.703000,0.000363976,0.000192606
3.705000,0.000484039,0.000124183
3.707000,0.000452341,0.000178331
3.709000,0.000491742,0.000246082
3.711000,0.000289311,0.000241592
3.713000,0.000191986,0.000274985
3.715000,0.000318734,0.000301940
3.717000,0.000449974,0.000254426
3.719000,0.000439046,0.000158354
3.721000,0.000456104,0.000078146
3.723000,0.000516497,0.000037012
3.725000,0.000539966,0.000048519
3.727000,0.000727226,0.000142880
3.729000,0.000211198,0.000221704
3.731000,0.000409658,0.000226087
3.733000,0.000452306,0.000199219
3.735000,0.000531127,0.000269487
3.737000,0.000752660,0.000387296
3.739000,0.000423445,0.000452712
3.741000,0.000189554,0.000402868
3.743000,0.000427185,0.000251965
3.745000,0.000702978,0.000222436
3.747000,0.000509493,0.000383829
3.749000,0.000692246,0.000486437
3.751000,0.000304836,0.000454875
3.753000,0.000405571,0.000339880
3.755000,0.000395157,0.000252027
3.757000,0.000487985,0.000225339
3.759000,0.000206051,0.000232374
3.761000,0.000445859,0.000248627
3.763000,0.000402582,0.000248190
3.765000,0.000289106,0.000209984
3.767000,0.000206219,0.000139282
3.769000,0.000315446,0.000214771
3.771000,0.000549615,0.000280038
3.773000,0.000391399,0.000199987
3.775000,0.000311603,0.000119722
3.777000,0.000364579,0.000271821
3.779000,0.000186083,0.000343933
3.781000,0.000428187,0.000236367
3.783000,0.000290781,0.000110845
3.785000,0.000471942,0.000284122
3.787000,0.000968283,0.000332813
3.789000,0.000464034,0.000186555
3.791000,0.000450149,0.000112852
3.793000,0.000178209,0.000210022
3.795000,0.000187723,0.000178418
3.797000,0.000289071,0.000309058
3.799000,0.000286601,0.000403786
3.801000,0.000253440,0.000242556
3.803000,0.000616227,0.000807545
3.805000,0.000842936,0.001626595
3.807000,0.001467859,0.001863317
3.809000,0.000999991,0.001353642
3.811000,0.001069706,0.000683051
3.813000,0.000576959,0.000380795
3.815000,0.000774532,0.000169047
3.817000,0.000249286,0.000199593
3.819000,0.000556452,0.000383101
3.821000,0.001071829,0.000402129
3.823000,0.000588745,0.000314828
3.825000,0.000613829,0.000183879
3.827000,0.000489462,0.000056216
3.829000,0.000336613,0.000177262
3.831000,0.000429203,0.000289288
3.833000,0.000506239,0.000285388
3.835000,0.000584539,0.000203672
3.837000,0.000453203,0.000137839
3.839000,0.000433470,0.000086599
3.841000,0.000163112,0.000026670
3.843000,0.000266141,0.000027966
3.845000,0.000283895,0.000015600
3.847000,0.000651884,0.000035938
3.849000,0.000469108,0.000030520
3.851000,0.000647767,0.000019468
3.853000,0.000892387,0.000038802
3.855000,0.000513584,0.000107138
3.857000,0.000168891,0.000156689
3.859000,0.000412033,0.000209824
3.861000,0.000503665,0.000287497
3.863000,0.000908652,0.000320142
3.865000,0.000779450,0.000314479
3.867000,0.000556710,0.000323877
3.869000,0.000455454,0.000344389
3.871000,0.000217773,0.000296853
3.873000,0.000350301,0.000174808
3.875000,0.000533741,0.000110925
3.877000,0.000288783,0.000178750
3.879000,0.000247312,0.000253130
3.881000,0.000300523,0.000295626
3.883000,0.000339413,0.000282776
3.885000,0.000284461,0.000267975
3.887000,0.000431127,0.000348021
3.889000,0.000426423,0.000360611
3.891000,0.000288289,0.000199440
3.893000,0.000139512,0.000337269
3.895000,0.000268661,0.000580923
3.897000,0.000275729,0.000586084
3.899000,0.000475672,0.000479209
3.901000,0.000143535,0.000410825
3.903000,0.000533690,0.000267817
3.905000,0.000736032,0.000084420
3.907000,0.000379241,0.000083875
3.909000,0.000368301,0.000073576
3.911000,0.000664412,0.000153804
3.913000,0.000171932,0.000238901
3.915000,0.000415523,0.000186768
3.917000,0.000259502,0.000066070
3.919000,0.000173141,0.000227581
3.921000,0.000347308,0.000329005
3.923000,0.000536787,0.000274223
3.925000,0.000417485,0.000166350
3.927000,0.000488978,0.000186855
3.929000,0.000235274,0.000227766
3.931000,0.000203263,0.000165497
3.933000,0.000512187,0.000053471
3.935000,0.000516709,0.000172390
3.937000,0.000348927,0.000321346
3.939000,0.000168695,0.000392125
3.941000,0.000326016,0.000306648
3.943000,0.000447791,0.000485960
3.945000,0.000712973,0.001198295
3.947000,0.002322428,0.001721037
3.949000,0.002226180,0.001615380
3.951000,0.000792310,0.001023716
3.953000,0.000359050,0.000430744
3.955000,0.000466424,0.000199612
3.957000,0.000570482,0.000223689
3.959000,0.000264386,0.000206223
3.961000,0.000370887,0.000132576
3.963000,0.000425100,0.000048032
3.965000,0.000440134,0.000127785
3.967000,0.000667603,0.000134613
3.969000,0.000314586,0.000052867
3.971000,0.000353687,0.000106764
3.973000,0.000396275,0.000091562
3.975000,0.000244538,0.000048475
3.977000,0.000271130,0.000179008
3.979000,0.000477775,0.000284005
3.981000,0.000613168,0.000245487
3.983000,0.000753502,0.000136083
3.985000,0.000344225,0.000421601
3.987000,0.000238063,0.000713659
3.989000,0.000219577,0.000852772
3.991000,0.000610708,0.001051484
3.993000,0.000539732,0.001528668
3.995000,0.000311982,0.001467603
3.997000,0.000765900,0.001390394
3.999000,0.000289955,0.005871901
4.001000,0.000205499,0.011780228
4.003000,0.000401342,0.016515504
4.005000,0.000635709,0.018759971
4.007000,0.000373019,0.019047837
4.009000,0.000477235,0.018727034
4.011000,0.000232631,0.018712674
4.013000,0.000516274,0.019048440
4.015000,0.000588492,0.019313009
4.017000,0.000360810,0.019257920
4.019000,0.000201464,0.018953606
4.021000,0.000152117,0.018566769
4.023000,0.000120300,0.018248603
4.025000,0.000396681,0.018118974
4.027000,0.000556522,0.018241595
4.029000,0.000323365,0.018641026
4.031000,0.000471082,0.019223103
4.033000,0.000381469,0.019697790
4.035000,0.000166387,0.019811787
4.037000,0.000204213,0.019634902
4.039000,0.000215582,0.019448145
4.041000,0.000453485,0.019386001
4.043000,0.000425271,0.019306650
4.045000,0.000253851,0.019025059
4.047000,0.000517820,0.018615286
4.049000,0.000361411,0.018385568
4.051000,0.000210202,0.018522198
4.053000,0.000442420,0.018882962
4.055000,0.000476634,0.019192363
4.057000,0.000195716,0.019300009
4.059000,0.000450031,0.019256850
4.061000,0.000400150,0.019227310
4.063000,0.000499550,0.019271793
4.065000,0.000234428,0.019247640
4.067000,0.000243838,0.019010658
4.069000,0.000619922,0.018602344
4.071000,0.000639210,0.018201843
4.073000,0.000303891,0.017953796
4.075000,0.000329959,0.017859249
4.077000,0.000272066,0.017854715
4.079000,0.000482498,0.017911653
4.081000,0.000249055,0.017986867
4.083000,0.000257535,0.017975012
4.085000,0.000304840,0.017800453
4.087000,0.000427014,0.017537705
4.089000,0.000170637,0.017462812
4.091000,0.000312717,0.017803859
4.093000,0.000278613,0.018215124
4.095000,0.000412999,0.017671574
4.097000,0.000365035,0.015107671
4.099000,0.000506183,0.010428153
4.101000,0.000658970,0.005061366
4.103000,0.000283530,0.001137180
4.105000,0.000318912,0.001087321
4.107000,0.000460515,0.001133000
4.109000,0.000465611,0.000582650
4.111000,0.000478618,0.000195516
4.113000,0.000322867,0.000198317
4.115000,0.000426998,0.000332793
4.117000,0.000657376,0.000415220
4.119000,0.000408428,0.000445945
4.121000,0.000655512,0.000434737
4.123000,0.001187936,0.000347681
4.125000,0.001086024,0.000227126
4.127000,0.000566972,0.000265555
4.129000,0.000304932,0.000370536
4.131000,0.000317593,0.000384368
4.133000,0.000655277,0.000382850
4.135000,0.000674622,0.000507811
4.137000,0.000473928,0.000634090
4.139000,0.000454773,0.000631037
4.141000,0.001050025,0.000567318
4.143000,0.000710329,0.000530069
4.145000,0.000367793,0.000458897
4.147000,0.000565872,0.000322690
4.149000,0.000401913,0.000242830
4.151000,0.000582845,0.000311430
4.153000,0.000454802,0.000374944
4.155000,0.000371919,0.000391689
4.157000,0.000188513,0.000399321
4.159000,0.000407557,0.000399154
4.161000,0.000274386,0.000346614
4.163000,0.000397487,0.000243096
4.165000,0.000526459,0.000124938
4.167000,0.000294679,0.000049285
4.169000,0.000341723,0.000149191
4.171000,0.000385847,0.000253752
4.173000,0.000453217,0.000257301
4.175000,0.000534735,0.000166586
4.177000,0.000425206,0.000299022
4.179000,0.000699034,0.000502096
4.181000,0.000587788,0.000493045
4.183000,0.000389194,0.000281060
4.185000,0.000287845,0.000198798
4.187000,0.000698868,0.000343114
4.189000,0.000615545,0.000338111
4.191000,0.000521990,0.000173074
4.193000,0.000565383,0.000083296
4.195000,0.000559005,0.000143816
4.197000,0.000460464,0.000110784
4.199000,0.000651753,0.000173752
4.201000,0.000850482,0.000296217
4.203000,0.000571487,0.000302640
4.205000,0.000498907,0.000195024
4.207000,0.000996594,0.000171182
4.209000,0.000822187,0.000228224
4.211000,0.000265432,0.000246124
4.213000,0.000631736,0.000279920
4.215000,0.000560997,0.000312346
4.217000,0.000304180,0.000284392
4.219000,0.000441603,0.000197075
4.221000,0.000411044,0.000142806
4.223000,0.000433388,0.000158654
4.225000,0.000488138,0.000202781
4.227000,0.000834484,0.000242258
4.229000,0.000439272,0.000248709
4.231000,0.000757445,0.000226493
4.233000,0.000661826,0.000179060
4.235000,0.000144881,0.000132905
4.237000,0.000230236,0.000140326
4.239000,0.000249830,0.000235926
4.241000,0.000630322,0.000336835
4.243000,0.000657738,0.000353854
4.245000,0.000218813,0.000283473
4.247000,0.000401095,0.000167904
4.249000,0.000329250,0.000158839
4.251000,0.000707986,0.000251415
4.253000,0.000694446,0.000305471
4.255000,0.000249602,0.000307102
4.257000,0.000204642,0.000286779
4.259000,0.000533000,0.000242907
4.261000,0.000631157,0.000219289
4.263000,0.000317080,0.000360570
4.265000,0.000382245,0.000456223
4.267000,0.000445594,0.000414342
4.269000,0.000334790,0.000288490
4.271000,0.000258646,0.000249483
4.273000,0.000570234,0.000300015
4.275000,0.000350571,0.000279672
4.277000,0.000837267,0.000200666
4.279000,0.000872030,0.000099192
4.281000,0.000477253,0.000043445
4.283000,0.000459831,0.000048863
4.285000,0.000457251,0.000039521
4.287000,0.000426681,0.000020773
4.289000,0.000748357,0.000076181
4.291000,0.000814520,0.000209612
4.293000,0.001405363,0.000323188
4.295000,0.007036797,0.000334974
4.297000,0.013885536,0.000233364
4.299000,0.019588937,0.000118771
4.301000,0.021181024,0.000184661
4.303000,0.019519723,0.000256165
4.305000,0.017226594,0.000209081
4.307000,0.019889532,0.000238169
4.309000,0.023077536,0.000358661
4.311000,0.022534465,0.000393667
4.313000,0.021518062,0.000401265
4.315000,0.021913615,0.000465397
4.317000,0.022480264,0.000555845
4.319000,0.023053332,0.000608167
4.321000,0.022746962,0.000592167
4.323000,0.023698186,0.000497829
4.325000,0.024166682,0.000363040
4.327000,0.024138550,0.000244810
4.329000,0.023027164,0.000157489
4.331000,0.022610748,0.000085760
4.333000,0.022795475,0.000030730
4.335000,0.022577786,0.000006304
4.337000,0.022142218,0.000007355
4.339000,0.022748412,0.000007978
4.341000,0.023724329,0.000006485
4.343000,0.022309366,0.000010059
4.345000,0.016102413,0.000007917
4.347000,0.008390569,0.000010031
4.349000,0.005090258,0.000005240
4.351000,0.004944345,0.000005610
4.353000,0.005712586,0.000004092
4.355000,0.008028756,0.000005690
4.357000,0.007366730,0.000009930
4.359000,0.004661244,0.000020150
4.361000,0.003980495,0.000028813
4.363000,0.006401159,0.000030933
4.365000,0.006924790,0.000016311
4.367000,0.005649293,0.000029094
4.369000,0.004922015,0.000094577
4.371000,0.004562470,0.000167617
4.373000,0.003353549,0.000224398
4.375000,0.002605370,0.000285619
4.377000,0.003343224,0.000382009
4.379000,0.004262086,0.000444883
4.381000,0.003485547,0.000394693
4.383000,0.003667359,0.000376676
4.385000,0.003521382,0.000515502
4.387000,0.002662893,0.000497807
4.389000,0.002328624,0.000249277
4.391000,0.002738185,0.000400923
4.393000,0.007639479,0.000660298
4.395000,0.014834135,0.000649843
4.397000,0.021358603,0.000488462
4.399000,0.021927842,0.000307579
4.401000,0.020228136,0.000130244
4.403000,0.016866013,0.000157881
4.405000,0.016493612,0.000300846
4.407000,0.018918866,0.000355534
4.409000,0.020595122,0.000319208
4.411000,0.019121581,0.000237570
4.413000,0.017898387,0.000147263
4.415000,0.019778663,0.000071874
4.417000,0.021522460,0.000024346
4.419000,0.022014714,0.000003689
4.421000,0.022301472,0.000003238
4.423000,0.022653279,0.000003496
4.425000,0.022975825,0.000002702
4.427000,0.023786168,0.000001670
4.429000,0.023941303,0.000000633
4.431000,0.023491980,0.000001036
4.433000,0.023569702,0.000001787
4.435000,0.023290489,0.000003901
4.437000,0.023451907,0.000005496
4.439000,0.023606075,0.000006421
4.441000,0.021729631,0.000016325
4.443000,0.017968866,0.000025573
4.445000,0.011318644,0.000031651
4.447000,0.007564097,0.000063749
4.449000,0.007841357,0.000094129
4.451000,0.009181402,0.000106074
4.453000,0.011399345,0.000144236
4.455000,0.009532332,0.000171854
4.457000,0.005951622,0.000170336
4.459000,0.004694842,0.000191601
4.461000,0.005621353,0.000190726
4.463000,0.007060679,0.000198136
4.465000,0.006749048,0.000236798
4.467000,0.004303777,0.000220034
4.469000,0.004773993,0.000193626
4.471000,0.003708766,0.000283135
4.473000,0.002624773,0.000350562
4.475000,0.003056812,0.000239512
4.477000,0.003639447,0.000156428
4.479000,0.004379977,0.000388401
4.481000,0.003982455,0.000479815
4.483000,0.003570394,0.000498224
4.485000,0.002926754,0.000576519
4.487000,0.002304882,0.000524059
4.489000,0.003188045,0.000402867
4.491000,0.007176856,0.000530561
4.493000,0.013708698,0.000639143
4.495000,0.019882454,0.000544611
4.497000,0.021201980,0.000361396
4.499000,0.019884868,0.000216931
4.501000,0.016632468,0.000106391
4.503000,0.015802670,0.000026122
4.505000,0.019217276,0.000028640
4.507000,0.020336658,0.000024426
4.509000,0.018534186,0.000007751
4.511000,0.017324428,0.000008643
4.513000,0.017577427,0.000011987
4.515000,0.019487629,0.000008941
4.517000,0.020519202,0.000009440
4.519000,0.021598541,0.000009167
4.521000,0.022760873,0.000006394
4.523000,0.024263685,0.000005037
4.525000,0.024889485,0.000003182
4.527000,0.024642534,0.000002616
4.529000,0.023970736,0.000004580
4.531000,0.023094779,0.000003097
4.533000,0.022404128,0.000005830
4.535000,0.022555635,0.000007942
4.537000,0.023171155,0.000007625
4.539000,0.023960911,0.000007136
4.541000,0.023560390,0.000007218
4.543000,0.022370183,0.000005590
4.545000,0.022338948,0.000004727
4.547000,0.023517275,0.000003871
4.549000,0.024959399,0.000001864
4.551000,0.026050320,0.000001603
4.553000,0.026127407,0.000001931
4.555000,0.025461305,0.000001685
4.557000,0.025054829,0.000001776
4.559000,0.024891022,0.000002953
4.561000,0.025566212,0.000004673
4.563000,0.025274231,0.000006568
4.565000,0.025085632,0.000009628
4.567000,0.023759920,0.000014660
4.569000,0.024697863,0.000022218
4.571000,0.025005245,0.000032520
4.573000,0.024469672,0.000061803
4.575000,0.023738380,0.000131597
4.577000,0.024913417,0.000231104
4.579000,0.027274080,0.000350149
4.581000,0.024351940,0.000444693
4.583000,0.018730254,0.000471748
4.585000,0.010431496,0.000442987
4.587000,0.004730429,0.000355661
4.589000,0.004257946,0.000220130
4.591000,0.006281393,0.000100128
4.593000,0.007746532,0.000155541
4.595000,0.006532921,0.000308773
4.597000,0.003918651,0.000416872
4.599000,0.001101821,0.000449468
4.601000,0.003402720,0.000479390
4.603000,0.006339946,0.000566585
4.605000,0.006810703,0.000561958
4.607000,0.005806091,0.000348831
4.609000,0.005499711,0.000147236
4.611000,0.003452210,0.000301993
4.613000,0.002211352,0.000288071
4.615000,0.004345414,0.000106379
4.617000,0.005170585,0.000159116
4.619000,0.004024028,0.000230404
4.621000,0.003182637,0.000155489
4.623000,0.001872080,0.000055208
4.625000,0.001410787,0.000057551
4.627000,0.001233887,0.000058881
4.629000,0.002470187,0.000047193
4.631000,0.007473798,0.000031037
4.633000,0.013560563,0.000020955
4.635000,0.020039803,0.000015256
4.637000,0.021873702,0.000013719
4.639000,0.020024457,0.000016827
4.641000,0.016705573,0.000020091
4.643000,0.016618669,0.000022719
4.645000,0.019951823,0.000022719
4.647000,0.022214414,0.000020165
4.649000,0.021668861,0.000015760
4.651000,0.020582324,0.000012799
4.653000,0.022009664,0.000008488
4.655000,0.024022015,0.000003743
4.657000,0.023807055,0.000002759
4.659000,0.023513278,0.000003986
4.661000,0.023873986,0.000007384
4.663000,0.023382042,0.000009401
4.665000,0.023086581,0.000007853
4.667000,0.024233050,0.000010617
4.669000,0.024333873,0.000007213
4.671000,0.022768120,0.000007541
4.673000,0.022287916,0.000004704
4.675000,0.023259806,0.000002842
4.677000,0.024492738,0.000002338
4.679000,0.023927923,0.000002270
4.681000,0.019107181,0.000001921
4.683000,0.012091766,0.000003815
4.685000,0.006592436,0.000002480
4.687000,0.004899835,0.000004330
4.689000,0.006630808,0.000001714
4.691000,0.009674204,0.000001501
4.693000,0.009074023,0.000006388
4.695000,0.006168800,0.000014740
4.697000,0.004427045,0.000009914
4.699000,0.005488420,0.000037589
4.701000,0.006534179,0.000071228
4.703000,0.006852959,0.000050341
4.705000,0.005049891,0.000103266
4.707000,0.004312185,0.000272674
4.709000,0.003603522,0.000322611
4.711000,0.001810654,0.000161450
4.713000,0.002833872,0.000213511
4.715000,0.003134274,0.000430326
4.717000,0.003457388,0.000394337
4.719000,0.003983057,0.000139659
4.721000,0.003587001,0.000319713
4.723000,0.002906047,0.000457623
4.725000,0.002225765,0.000301053
4.727000,0.002662008,0.000109099
4.729000,0.005702584,0.000288717
4.731000,0.012493357,0.000302227
4.733000,0.018749005,0.000164038
4.735000,0.020342910,0.000036583
4.737000,0.018908624,0.000074343
4.739000,0.016637011,0.000054599
4.741000,0.014949884,0.000013291
4.743000,0.018168031,0.000013882
4.745000,0.020871075,0.000012867
4.747000,0.020408089,0.000004328
4.749000,0.019557101,0.000006069
4.751000,0.019709552,0.000004937
4.753000,0.020465347,0.000002220
4.755000,0.020314209,0.000002436
4.757000,0.020370497,0.000001947
4.759000,0.022766274,0.000003200
4.761000,0.024187123,0.000003368
4.763000,0.023447764,0.000002435
4.765000,0.024832229,0.000000749
4.767000,0.024820068,0.000000503
4.769000,0.023343632,0.000000763
4.771000,0.024458535,0.000000885
4.773000,0.024954734,0.000001309
4.775000,0.024651062,0.000000445
4.777000,0.025126409,0.000001246
4.779000,0.025696347,0.000001632
4.781000,0.025849466,0.000002832
4.783000,0.025964819,0.000007266
4.785000,0.026022800,0.000009958
4.787000,0.025762176,0.000010362
4.789000,0.025136690,0.000013041
4.791000,0.024816726,0.000016256
4.793000,0.024268328,0.000018615
4.795000,0.024042130,0.000020064
4.797000,0.024110219,0.000018449
4.799000,0.022523880,0.000015949
4.801000,0.022402596,0.000011513
4.803000,0.024210199,0.000010046
4.805000,0.023773988,0.000007616
4.807000,0.025629451,0.000009583
4.809000,0.024196461,0.000012877
4.811000,0.023252790,0.000018049
4.813000,0.024195505,0.000020737
4.815000,0.024422123,0.000018700
4.817000,0.026311260,0.000021486
4.819000,0.024487322,0.000012242
4.821000,0.019208477,0.000012945
4.823000,0.012867423,0.000008657
4.825000,0.006281987,0.000005747
4.827000,0.005144760,0.000005071
4.829000,0.006736472,0.000004164
4.831000,0.008770645,0.000004844
4.833000,0.008065752,0.000003789
4.835000,0.005845954,0.000005486
4.837000,0.002941008,0.000006085
4.839000,0.002360616,0.000003756
4.841000,0.003926610,0.000006539
4.843000,0.005609894,0.000003486
4.845000,0.005214931,0.000009237
4.847000,0.004780042,0.000009976
4.849000,0.003902295,0.000012829
4.851000,0.002606824,0.000059069
4.853000,0.003099619,0.000132442
4.855000,0.004334152,0.000205312
4.857000,0.004514273,0.000284065
4.859000,0.004913260,0.000387917
4.861000,0.003495527,0.000468915
4.863000,0.002006981,0.000441043
4.865000,0.001815232,0.000359781
4.867000,0.002194330,0.000554987
4.869000,0.006337099,0.000810336
4.871000,0.012144185,0.000833099
4.873000,0.018543067,0.000592514
4.875000,0.020036288,0.000273735
4.877000,0.018294898,0.000267333
4.879000,0.016665917,0.000326911
4.881000,0.015844454,0.000246445
4.883000,0.018568071,0.000116190
4.885000,0.020770383,0.000050161
4.887000,0.019971431,0.000058001
4.889000,0.019598330,0.000030847
4.891000,0.020450150,0.000006808
4.893000,0.021563553,0.000007583
4.895000,0.021988946,0.000006537
4.897000,0.022485383,0.000002765
4.899000,0.023939209,0.000004996
4.901000,0.023981894,0.000003071
4.903000,0.023504946,0.000003936
4.905000,0.024506163,0.000008260
4.907000,0.025485040,0.000005839
4.909000,0.025141653,0.000013515
4.911000,0.024613145,0.000023783
4.913000,0.024407153,0.000016868
4.915000,0.024213357,0.000027747
4.917000,0.023496874,0.000080775
4.919000,0.019258286,0.000088428
4.921000,0.011913365,0.000069083
4.923000,0.006514591,0.000168800
4.925000,0.005350627,0.000192977
4.927000,0.006795308,0.000084466
4.929000,0.009541965,0.000194212
4.931000,0.008990769,0.000327927
4.933000,0.006694990,0.000300527
4.935000,0.005937856,0.000141297
4.937000,0.005231312,0.000206306
4.939000,0.005553258,0.000417019
4.941000,0.006120439,0.000472838
4.943000,0.004873373,0.000311860
4.945000,0.004925274,0.000094698
4.947000,0.003795851,0.000272272
4.949000,0.002207899,0.000331491
4.951000,0.002432260,0.000240822
4.953000,0.004071044,0.000213761
4.955000,0.004307271,0.000238847
4.957000,0.003304509,0.000190372
4.959000,0.003492476,0.000108840
4.961000,0.003108549,0.000203204
4.963000,0.002499665,0.000246892
4.965000,0.001898797,0.000132211
4.967000,0.004547558,0.000226543
4.969000,0.010076431,0.000538133
4.971000,0.016869674,0.000721286
4.973000,0.020382744,0.000709038
4.975000,0.018905044,0.000536886
4.977000,0.015952345,0.000268507
4.979000,0.013436185,0.000124555
4.981000,0.016964465,0.000385293
4.983000,0.020532850,0.000571870
4.985000,0.019926108,0.000597424
4.987000,0.018323767,0.000441342
4.989000,0.018856237,0.000237473
4.991000,0.021362871,0.000336664
4.993000,0.023063059,0.000444043
4.995000,0.023886737,0.000426706
4.997000,0.023376948,0.000399173
4.999000,0.023491954,0.000376657
5.001000,0.024607617,0.000355167
5.003000,0.025845521,0.000353681
5.005000,0.025374092,0.000352342
5.007000,0.024530191,0.000319697
5.009000,0.023604385,0.000266447
5.011000,0.022943398,0.000193769
5.013000,0.022426221,0.000116219
5.015000,0.022383541,0.000067766
5.017000,0.022531756,0.000040572
5.019000,0.022318363,0.000018067
5.021000,0.022071983,0.000024175
5.023000,0.021674917,0.000028972
5.025000,0.022129101,0.000013379
5.027000,0.023040580,0.000033125
5.029000,0.023357933,0.000028276
5.031000,0.024340769,0.000026434
5.033000,0.023687813,0.000028366
5.035000,0.024086491,0.000013252
5.037000,0.024524929,0.000008468
5.039000,0.024244014,0.000004598
5.041000,0.025565755,0.000030139
5.043000,0.025524360,0.000054856
5.045000,0.026541413,0.000078915
5.047000,0.026018665,0.000095035
5.049000,0.025134736,0.000049303
5.051000,0.024529025,0.000141731
5.053000,0.024034109,0.000276451
5.055000,0.025518588,0.000271330
5.057000,0.023803900,0.000337405
5.059000,0.019644906,0.000769626
5.061000,0.013138627,0.001099790
5.063000,0.006684106,0.001104452
5.065000,0.005666862,0.000841437
5.067000,0.005722432,0.000501501
5.069000,0.008724742,0.000401464
5.071000,0.007813225,0.000507668
5.073000,0.004275142,0.000495517
5.075000,0.002496339,0.000373373
5.077000,0.004403155,0.000274893
5.079000,0.005987688,0.000261339
5.081000,0.006054404,0.000260929
5.083000,0.005722229,0.000246096
5.085000,0.004788933,0.000257937
5.087000,0.004014473,0.000326240
5.089000,0.003445608,0.000422902
5.091000,0.003729562,0.000514656
5.093000,0.004394559,0.000556459
5.095000,0.004676952,0.000483468
5.097000,0.004048242,0.000283527
5.099000,0.003203498,0.000082048
5.101000,0.003220859,0.000219685
5.103000,0.002821682,0.000400145
5.105000,0.002258044,0.000527120
5.107000,0.002033790,0.000589818
5.109000,0.007808656,0.000570417
5.111000,0.014659583,0.000427002
5.113000,0.018173431,0.000207624
5.115000,0.018691335,0.000047643
5.117000,0.017722481,0.000101947
5.119000,0.017279061,0.000132292
5.121000,0.020373863,0.000113095
5.123000,0.023113745,0.000059453
5.125000,0.023498542,0.000027973
5.127000,0.021813333,0.000022728
5.129000,0.021086587,0.000013451
5.131000,0.022789600,0.000008531
5.133000,0.023783967,0.000007492
5.135000,0.023836208,0.000003956
5.137000,0.024396937,0.000007156
5.139000,0.025590741,0.000003326
5.141000,0.025879952,0.000013803
5.143000,0.025130684,0.000019889
5.145000,0.023817031,0.000010994
5.147000,0.022013744,0.000046906
5.149000,0.022144965,0.000055464
5.151000,0.022941145,0.000118711
5.153000,0.023226971,0.000442309
5.155000,0.023122119,0.000850874
5.157000,0.019636682,0.001091214
5.159000,0.012340107,0.001008470
5.161000,0.005826696,0.000733137
5.163000,0.004308904,0.000487606
5.165000,0.006161582,0.000320108
5.167000,0.009036209,0.000490888
5.169000,0.008630398,0.000660439
5.171000,0.005680763,0.000503169
5.173000,0.003361800,0.000169089
5.175000,0.004803364,0.000300174
5.177000,0.006707141,0.000350984
5.179000,0.006072554,0.000255424
5.181000,0.004889490,0.000208850
5.183000,0.003926939,0.000144435
5.185000,0.003854297,0.000083633
5.187000,0.002317450,0.000068223
5.189000,0.002521608,0.000025720
5.191000,0.003493367,0.000083014
5.193000,0.002669060,0.000118887
5.195000,0.003485040,0.000124342
5.197000,0.003753272,0.000165429
5.199000,0.002701556,0.000260635
5.201000,0.002564524,0.000260033
5.203000,0.001344097,0.000315550
5.205000,0.004258916,0.000680481
5.207000,0.009378513,0.000865409
5.209000,0.016563254,0.000676446
5.211000,0.020736387,0.000346148
5.213000,0.020044794,0.000377543
5.215000,0.016956744,0.000505296
5.217000,0.015249108,0.000451126
5.219000,0.018361163,0.000252150
5.221000,0.020612338,0.000067301
5.223000,0.020328408,0.000110143
5.225000,0.019831113,0.000124021
5.227000,0.021374662,0.000094740
5.229000,0.022699465,0.000053326
5.231000,0.022266615,0.000021475
5.233000,0.022763271,0.000012902
5.235000,0.023466811,0.000008618
5.237000,0.023677290,0.000005069
5.239000,0.022519262,0.000003872
5.241000,0.022683895,0.000002109
5.243000,0.022769196,0.000001620
5.245000,0.023380854,0.000002368
5.247000,0.024264756,0.000001679
5.249000,0.025001163,0.000001286
5.251000,0.025084812,0.000003142
5.253000,0.024824879,0.000003624
5.255000,0.024389081,0.000002459
5.257000,0.023757559,0.000000886
5.259000,0.023328976,0.000000245
5.261000,0.022969913,0.000000416
5.263000,0.023029948,0.000000719
5.265000,0.023468840,0.000000665
5.267000,0.024081204,0.000000552
5.269000,0.024643849,0.000000864
5.271000,0.024888858,0.000002099
5.273000,0.024933566,0.000003296
5.275000,0.024767348,0.000003196
5.277000,0.024700976,0.000001816
5.279000,0.024508882,0.000000459
5.281000,0.024274578,0.000000652
5.283000,0.024438369,0.000001340
5.285000,0.024529761,0.000001638
5.287000,0.024202514,0.000001989
5.289000,0.023997289,0.000004027
5.291000,0.023359421,0.000004198
5.293000,0.022307397,0.000006678
5.295000,0.022195614,0.000015337
5.297000,0.022012378,0.000018422
5.299000,0.017622030,0.000040329
5.301000,0.009622542,0.000096678
5.303000,0.005753585,0.000161809
5.305000,0.006313256,0.000231292
5.307000,0.006833520,0.000292480
5.309000,0.007757431,0.000310129
5.311000,0.006639812,0.000266028
5.313000,0.004307652,0.000193640
5.315000,0.003316133,0.000104116
5.317000,0.004444924,0.000041762
5.319000,0.005073424,0.000128570
5.321000,0.005259389,0.000227596
5.323000,0.005276061,0.000286195
5.325000,0.005262854,0.000297658
5.327000,0.003119107,0.000280632
5.329000,0.002634442,0.000221264
5.331000,0.004152400,0.000133563
5.333000,0.004889142,0.000066853
5.335000,0.004856406,0.000033634
5.337000,0.003968548,0.000014834
5.339000,0.003649101,0.000007788
5.341000,0.002761763,0.000008051
5.343000,0.001664755,0.000004630
5.345000,0.002200972,0.000001939
5.347000,0.007193213,0.000003766
5.349000,0.012655910,0.000001836
5.351000,0.020547848,0.000001962
5.353000,0.020923503,0.000001187
5.355000,0.019495263,0.000001903
5.357000,0.016390764,0.000003133
5.359000,0.014578714,0.000003028
5.361000,0.018424122,0.000001962
5.363000,0.019879821,0.000000826
5.365000,0.018693177,0.000000354
5.367000,0.017596548,0.000000542
5.369000,0.017918216,0.000000681
5.371000,0.018722862,0.000000459
5.373000,0.019999582,0.000000157
5.375000,0.021592231,0.000000359
5.377000,0.022699023,0.000000399
5.379000,0.023351127,0.000001021
5.381000,0.023505017,0.000001550
5.383000,0.022843084,0.000001325
5.385000,0.022117149,0.000000982
5.387000,0.022136587,0.000001150
5.389000,0.023079109,0.000001553
5.391000,0.024623195,0.000001672
5.393000,0.025480892,0.000002183
5.395000,0.023329053,0.000003363
5.397000,0.017238964,0.000004211
5.399000,0.008793934,0.000005599
5.401000,0.004652636,0.000008061
5.403000,0.004128504,0.000011618
5.405000,0.006201894,0.000014140
5.407000,0.010256149,0.000039441
5.409000,0.008903010,0.000089747
5.411000,0.004304604,0.000142794
5.413000,0.002620048,0.000169010
5.415000,0.004472883,0.000146616
5.417000,0.006390650,0.000103692
5.419000,0.006557966,0.000133841
5.421000,0.004712734,0.000207929
5.423000,0.004078847,0.000259453
5.425000,0.004099179,0.000239745
5.427000,0.003248865,0.000128624
5.429000,0.003629015,0.000032658
5.431000,0.004141605,0.000099245
5.433000,0.003457733,0.000225833
5.435000,0.004085026,0.000327227
5.437000,0.004297030,0.000253910
5.439000,0.003395398,0.000127235
5.441000,0.002811394,0.000194791
5.443000,0.003463640,0.000110749
5.445000,0.007447820,0.000163644
5.447000,0.012400035,0.000153179
5.449000,0.018864144,0.000108544
5.451000,0.020441402,0.000194266
5.453000,0.019431056,0.000107908
5.455000,0.016410855,0.000121461
5.457000,0.014831178,0.000161420
5.459000,0.016930604,0.000075241
5.461000,0.019564534,0.000052741
5.463000,0.018770713,0.000066998
5.465000,0.017688218,0.000033655
5.467000,0.018517424,0.000011210
5.469000,0.019625442,0.000018596
5.471000,0.020642938,0.000008499
5.473000,0.020801935,0.000006506
5.475000,0.021530631,0.000005428
5.477000,0.022153222,0.000003673
5.479000,0.022689259,0.000004469
5.481000,0.022606911,0.000001995
5.483000,0.021893170,0.000002502
5.485000,0.021402244,0.000003744
5.487000,0.021560580,0.000004023
5.489000,0.022664690,0.000002576
5.491000,0.023544624,0.000000678
5.493000,0.023463098,0.000001082
5.495000,0.022327585,0.000001453
5.497000,0.021279587,0.000001548
5.499000,0.021262193,0.000002368
5.501000,0.022234079,0.000004606
5.503000,0.023457664,0.000005580
5.505000,0.024633251,0.000008243
5.507000,0.025590563,0.000016817
5.509000,0.026078305,0.000023523
5.511000,0.026072712,0.000041336
5.513000,0.025429823,0.000084035
5.515000,0.025168410,0.000122712
5.517000,0.025899180,0.000126610
5.519000,0.026322506,0.000127849
5.521000,0.027456217,0.000203258
5.523000,0.026449679,0.000282027
5.525000,0.025513319,0.000286248
5.527000,0.026758778,0.000218291
5.529000,0.026413747,0.000240422
5.531000,0.024962119,0.000429297
5.533000,0.024459243,0.000616095
5.535000,0.023570881,0.000707544
5.537000,0.020147003,0.000660286
5.539000,0.012753933,0.000479617
5.541000,0.005758126,0.000246230
5.543000,0.005236863,0.000144293
5.545000,0.005692119,0.000179646
5.547000,0.007509680,0.000150302
5.549000,0.007039447,0.000083185
5.551000,0.004349933,0.000046813
5.553000,0.002656065,0.000037848
5.555000,0.004199935,0.000045164
5.557000,0.006123433,0.000080204
5.559000,0.005996210,0.000121068
5.561000,0.005023843,0.000154682
5.563000,0.005222181,0.000177256
5.565000,0.003272898,0.000188620
5.567000,0.002466964,0.000191126
5.569000,0.003751134,0.000187620
5.571000,0.004120827,0.000182548
5.573000,0.003986154,0.000177828
5.575000,0.003789660,0.000170721
5.577000,0.003965175,0.000169475
5.579000,0.002729199,0.000188056
5.581000,0.002651570,0.000222294
5.583000,0.002577370,0.000257586
5.585000,0.006308416,0.000271716
5.587000,0.011417917,0.000253114
5.589000,0.017893845,0.000224065
5.591000,0.018814111,0.000200392
5.593000,0.016476064,0.000193708
5.595000,0.015682404,0.000190900
5.597000,0.013427730,0.000189885
5.599000,0.016601737,0.000187133
5.601000,0.019297081,0.000181692
5.603000,0.018946045,0.000171558
5.605000,0.017950158,0.000154283
5.607000,0.016971661,0.000128158
5.609000,0.018289622,0.000094345
5.611000,0.019449535,0.000062571
5.613000,0.019966461,0.000038231
5.615000,0.021609850,0.000025657
5.617000,0.021953304,0.000019160
5.619000,0.021070451,0.000011525
5.621000,0.022146574,0.000007663
5.623000,0.022536354,0.000004714
5.625000,0.022273302,0.000003395
5.627000,0.022946724,0.000004056
5.629000,0.023391426,0.000003720
5.631000,0.024540414,0.000005031
5.633000,0.023757796,0.000002641
5.635000,0.019529556,0.000007473
5.637000,0.012280708,0.000008125
5.639000,0.005760120,0.000017823
5.641000,0.005285411,0.000050301
5.643000,0.006980117,0.000085763
5.645000,0.009043867,0.000116620
5.647000,0.008625297,0.000170682
5.649000,0.005244953,0.000248593
5.651000,0.003415870,0.000287919
5.653000,0.004677724,0.000285442
5.655000,0.005616808,0.000295638
5.657000,0.005382471,0.000298043
5.659000,0.005008280,0.000274194
5.661000,0.004967244,0.000278086
5.663000,0.003762143,0.000307856
5.665000,0.003049177,0.000335384
5.667000,0.003678853,0.000348109
5.669000,0.005336487,0.000269591
5.671000,0.005669186,0.000092599
5.673000,0.005176426,0.000297200
5.675000,0.004707240,0.000525862
5.677000,0.004393286,0.000532882
5.679000,0.004427452,0.000293899
5.681000,0.003299517,0.000224121
5.683000,0.005840760,0.000575081
5.685000,0.011503399,0.000780449
5.687000,0.017501958,0.000733727
5.689000,0.019980603,0.000520545
5.691000,0.019588131,0.000305929
5.693000,0.016687351,0.000156249
5.695000,0.014454224,0.000094447
5.697000,0.017390797,0.000109586
5.699000,0.020313447,0.000093847
5.701000,0.020314350,0.000036191
5.703000,0.019250184,0.000128718
5.705000,0.019838814,0.000249993
5.707000,0.020336514,0.000320421
5.709000,0.020583394,0.000335445
5.711000,0.022016520,0.000297351
5.713000,0.023876299,0.000218136
5.715000,0.024692366,0.000127809
5.717000,0.025091079,0.000050699
5.719000,0.025170246,0.000008221
5.721000,0.025090392,0.000008362
5.723000,0.025343107,0.000003277
5.725000,0.025698337,0.000002372
5.727000,0.025752268,0.000004255
5.729000,0.025462821,0.000006240
5.731000,0.024637638,0.000007623
5.733000,0.023432245,0.000006900
5.735000,0.022319522,0.000006558
5.737000,0.022298069,0.000005473
5.739000,0.023480400,0.000004306
5.741000,0.024814455,0.000008915
5.743000,0.025409783,0.000006239
5.745000,0.025115203,0.000009912
5.747000,0.024722886,0.000024938
5.749000,0.024859897,0.000031524
5.751000,0.025164561,0.000036676
5.753000,0.025076016,0.000047531
5.755000,0.025491770,0.000051810
5.757000,0.025095617,0.000097714
5.759000,0.024808186,0.000157670
5.761000,0.025173419,0.000177903
5.763000,0.025043041,0.000178819
5.765000,0.024647239,0.000161398
5.767000,0.023275719,0.000120201
5.769000,0.022661430,0.000128340
5.771000,0.022999184,0.000201406
5.773000,0.022119729,0.000255991
5.775000,0.017971690,0.000269725
5.777000,0.011021169,0.000226404
5.779000,0.005530437,0.000133738
5.781000,0.004271850,0.000070309
5.783000,0.005287929,0.000048994
5.785000,0.008160196,0.000031633
5.787000,0.007657549,0.000024236
5.789000,0.004106021,0.000052010
5.791000,0.001998385,0.000050362
5.793000,0.004820974,0.000087549
5.795000,0.006773714,0.000230558
5.797000,0.005596438,0.000280318
5.799000,0.003636889,0.000181802
5.801000,0.004095067,0.000088505
5.803000,0.004189208,0.000273284
5.805000,0.003027117,0.000361165
5.807000,0.003447917,0.000283340
5.809000,0.004428020,0.000098427
5.811000,0.003948120,0.000205321
5.813000,0.003024053,0.000343681
5.815000,0.003128031,0.000304607
5.817000,0.003570421,0.000140714
5.819000,0.002712202,0.000053129
5.821000,0.002231856,0.000114124
5.823000,0.005185502,0.000102786
5.825000,0.011771819,0.000051160
5.827000,0.019777927,0.000011298
5.829000,0.022005524,0.000013841
5.831000,0.020146520,0.000010076
5.833000,0.017993298,0.000002692
5.835000,0.014774008,0.000003576
5.837000,0.016679212,0.000002988
5.839000,0.020157975,0.000001953
5.841000,0.018953560,0.000002907
5.843000,0.017101254,0.000002154
5.845000,0.017158117,0.000002259
5.847000,0.018486047,0.000003683
5.849000,0.018542420,0.000004983
5.851000,0.017527790,0.000008355
5.853000,0.019295477,0.000018644
5.855000,0.019846305,0.000058479
5.857000,0.021051061,0.000140287
5.859000,0.022294125,0.000240252
5.861000,0.022486704,0.000312440
5.863000,0.023121744,0.000346148
5.865000,0.022988559,0.000378861
5.867000,0.023476210,0.000415788
5.869000,0.023649778,0.000424452
5.871000,0.022444497,0.000418018
5.873000,0.017889961,0.000417986
5.875000,0.010532364,0.000391286
5.877000,0.004642959,0.000331816
5.879000,0.003864443,0.000302686
5.881000,0.005057325,0.000338870
5.883000,0.009025457,0.000374002
5.885000,0.009572656,0.000336729
5.887000,0.006261015,0.000247116
5.889000,0.004422282,0.000189775
5.891000,0.005275286,0.000190856
5.893000,0.006640524,0.000189254
5.895000,0.006474187,0.000186406
5.897000,0.004680885,0.000213536
5.899000,0.004237394,0.000323748
5.901000,0.003730849,0.000464566
5.903000,0.002328367,0.000539178
5.905000,0.002312628,0.000533696
5.907000,0.004121874,0.000483122
5.909000,0.004478769,0.000404235
5.911000,0.004261903,0.000285699
5.913000,0.004077512,0.000126370
5.915000,0.003249664,0.000108149
5.917000,0.003829611,0.000301786
5.919000,0.002574860,0.000466844
5.921000,0.004353755,0.000555793
5.923000,0.009756687,0.000548139
5.925000,0.017421992,0.000454061
5.927000,0.021767385,0.000310454
5.929000,0.020386466,0.000165207
5.931000,0.017479473,0.000058949
5.933000,0.014297931,0.000009089
5.935000,0.015283570,0.000007627
5.937000,0.019150630,0.000003133
5.939000,0.021578601,0.000002785
5.941000,0.019647105,0.000002758
5.943000,0.017993588,0.000001300
5.945000,0.019095716,0.000000696
5.947000,0.019557961,0.000000559
5.949000,0.020492641,0.000000778
5.951000,0.021034508,0.000001136
5.953000,0.021622953,0.000001440
5.955000,0.022388545,0.000002132
5.957000,0.022403542,0.000002663
5.959000,0.022287064,0.000002159
5.961000,0.022505918,0.000001075
5.963000,0.022883724,0.000000346
5.965000,0.023503929,0.000000399
5.967000,0.023647755,0.000000535
5.969000,0.023339522,0.000000458
5.971000,0.023818582,0.000000512
5.973000,0.023220227,0.000001359
5.975000,0.022888401,0.000001623
5.977000,0.022553738,0.000001985
5.979000,0.022480728,0.000004087
5.981000,0.023794501,0.000005245
5.983000,0.024295284,0.000004314
5.985000,0.025188412,0.000005943
5.987000,0.025102382,0.000008027
5.989000,0.024493970,0.000007657
5.991000,0.024669147,0.000009263
5.993000,0.024944855,0.000008045
5.995000,0.025923679,0.000003390
5.997000,0.026432449,0.000011123
5.999000,0.026472706,0.000019234
6.001000,0.026015770,0.000025929
6.003000,0.025468577,0.000099016
6.005000,0.025207164,0.000183825
6.007000,0.025592094,0.000205721
6.009000,0.025898439,0.000151313
6.011000,0.024774191,0.000302309
6.013000,0.020608458,0.000583775
6.015000,0.012874918,0.000685436
6.017000,0.005395195,0.000483237
6.019000,0.003298103,0.000191376
6.021000,0.004804474,0.000377530
6.023000,0.007455607,0.000456538
6.025000,0.007183122,0.000308130
6.027000,0.004535149,0.000114649
6.029000,0.002297295,0.000379725
6.031000,0.002661014,0.000622247
6.033000,0.004974489,0.000699245
6.035000,0.006238897,0.000665788
6.037000,0.005499501,0.000527224
6.039000,0.004629861,0.000269491
6.041000,0.003329282,0.000123627
6.043000,0.002237348,0.000283806
6.045000,0.003047748,0.000344773
6.047000,0.004404236,0.000337346
6.049000,0.004654415,0.000290341
6.051000,0.003771372,0.000214408
6.053000,0.003529251,0.000143007
6.055000,0.004366975,0.000174982
6.057000,0.003473630,0.000285758
6.059000,0.002353556,0.000485428
6.061000,0.005255712,0.000696472
6.063000,0.010295765,0.000807866
6.065000,0.017390727,0.000768608
6.067000,0.021216855,0.000594786
6.069000,0.020006567,0.000368992
6.071000,0.017608116,0.000160306
6.073000,0.015861521,0.000088187
6.075000,0.018026052,0.000121320
6.077000,0.019797841,0.000098290
6.079000,0.019486660,0.000050775
6.081000,0.018928575,0.000022158
6.083000,0.017828833,0.000029446
6.085000,0.019409311,0.000034363
6.087000,0.018530443,0.000060539
6.089000,0.016498616,0.000162146
6.091000,0.016999824,0.000247400
6.093000,0.018373811,0.000210437
6.095000,0.019869099,0.000105640
6.097000,0.019742887,0.000420456
6.099000,0.019293168,0.000745423
6.101000,0.020624877,0.000870769
6.103000,0.021674712,0.000712970
6.105000,0.021236880,0.000331161
6.107000,0.021836420,0.000313651
6.109000,0.022352423,0.000751029
6.111000,0.019929291,0.000951860
6.113000,0.013204455,0.000774143
6.115000,0.007363595,0.000329762
6.117000,0.006638673,0.000190367
6.119000,0.007339173,0.000316223
6.121000,0.010471631,0.000180769
6.123000,0.012335021,0.000141250
6.125000,0.009574541,0.000276795
6.127000,0.006447532,0.000270755
6.129000,0.006490375,0.000239310
6.131000,0.006997928,0.000262551
6.133000,0.006619930,0.000251892
6.135000,0.005472055,0.000236659
6.137000,0.004629290,0.000219213
6.139000,0.003147187,0.000180617
6.141000,0.001884694,0.000146400
6.143000,0.001381577,0.000108574
6.145000,0.002685601,0.000068579
6.147000,0.004488686,0.000058148
6.149000,0.004965196,0.000082574
6.151000,0.003736102,0.000072837
6.153000,0.003023104,0.000243931
6.155000,0.003140784,0.000429113
6.157000,0.003252089,0.000424392
6.159000,0.005763577,0.000418061
6.161000,0.010554826,0.000740196
6.163000,0.016841784,0.000893209
6.165000,0.021965190,0.000629210
6.167000,0.021605820,0.000269007
6.169000,0.019292912,0.000332458
6.171000,0.016599701,0.000168216
6.173000,0.017141817,0.000440727
6.175000,0.019950670,0.000817688
6.177000,0.020827828,0.000826006
6.179000,0.019415732,0.000496815
6.181000,0.019415348,0.000160106
6.183000,0.020195873,0.000241688
6.185000,0.020591933,0.000254127
6.187000,0.020484784,0.000153104
6.189000,0.020876318,0.000050062
6.191000,0.021436030,0.000028248
6.193000,0.021747694,0.000028512
6.195000,0.022270772,0.000016307
6.197000,0.022958403,0.000017442
6.199000,0.022699374,0.000021786
6.201000,0.023442584,0.000021166
6.203000,0.024088106,0.000021964
6.205000,0.024423457,0.000020371
6.207000,0.025427480,0.000015668
6.209000,0.024440807,0.000011614
6.211000,0.025041920,0.000011051
6.213000,0.024794550,0.000007910
6.215000,0.025479347,0.000008302
6.217000,0.026664292,0.000013707
6.219000,0.025884874,0.000016513
6.221000,0.026202342,0.000019032
6.223000,0.024934125,0.000020057
6.225000,0.024415924,0.000018502
6.227000,0.025052356,0.000015085
6.229000,0.025823101,0.000012273
6.231000,0.026877128,0.000009186
6.233000,0.026797688,0.000005772
6.235000,0.025651738,0.000005616
6.237000,0.024444532,0.000005484
6.239000,0.023561097,0.000004507
6.241000,0.023296104,0.000005613
6.243000,0.023376211,0.000006264
6.245000,0.023609936,0.000006956
6.247000,0.025306248,0.000006978
6.249000,0.025079806,0.000005362
6.251000,0.021000616,0.000003767
6.253000,0.013555510,0.000001745
6.255000,0.005351813,0.000001848
6.257000,0.002834224,0.000008306
6.259000,0.003934441,0.000026241
6.261000,0.007350550,0.000055098
6.263000,0.008310692,0.000095216
6.265000,0.006153648,0.000144347
6.267000,0.003535325,0.000192405
6.269000,0.002889066,0.000226506
6.271000,0.005041549,0.000242174
6.273000,0.006144961,0.000239553
6.275000,0.005539080,0.000242061
6.277000,0.005244236,0.000257081
6.279000,0.004645495,0.000257601
6.281000,0.002688910,0.000217083
6.283000,0.002583892,0.000126968
6.285000,0.003960346,0.000143186
6.287000,0.003847984,0.000309091
6.289000,0.003486783,0.000432044
6.291000,0.003114771,0.000471353
6.293000,0.002458126,0.000463762
6.295000,0.001932970,0.000445895
6.297000,0.001588583,0.000452057
6.299000,0.004417803,0.000438531
6.301000,0.009626547,0.000384406
6.303000,0.016210379,0.000330565
6.305000,0.020471653,0.000246428
6.307000,0.020514873,0.000170043
6.309000,0.017649401,0.000102830
6.311000,0.015280002,0.000071216
6.313000,0.017655802,0.000069400
6.315000,0.020365188,0.000060082
6.317000,0.021263937,0.000048699
6.319000,0.019016467,0.000027861
6.321000,0.017438064,0.000016612
6.323000,0.018845261,0.000009661
6.325000,0.019939524,0.000007598
6.327000,0.019673979,0.000003335
6.329000,0.022307595,0.000004453
6.331000,0.024374082,0.000001991
6.333000,0.023912751,0.000001265
6.335000,0.025209473,0.000002613
6.337000,0.026387626,0.000002103
6.339000,0.024553660,0.000003837
6.341000,0.024023136,0.000002176
6.343000,0.025566386,0.000001958
6.345000,0.025155098,0.000001143
6.347000,0.023679742,0.000001871
6.349000,0.022196497,0.000000963
6.351000,0.016264946,0.000001433
6.353000,0.008634234,0.000000664
6.355000,0.006016840,0.000001015
6.357000,0.005757229,0.000001669
6.359000,0.007437222,0.000002821
6.361000,0.010051437,0.000003473
6.363000,0.008706233,0.000008863
6.365000,0.006264856,0.000037101
6.367000,0.005897199,0.000072490
6.369000,0.006448518,0.000090993
6.371000,0.006897992,0.000065270
6.373000,0.006328935,0.000042875
6.375000,0.004202367,0.000169666
6.377000,0.003914105,0.000326254
6.379000,0.003542016,0.000468765
6.381000,0.002853112,0.000560576
6.383000,0.002971264,0.000580205
6.385000,0.003840796,0.000528355
6.387000,0.004474645,0.000429904
6.389000,0.004269943,0.000323194
6.391000,0.003502111,0.000230267
6.393000,0.002582959,0.000125128
6.395000,0.001877816,0.000087338
6.397000,0.003590020,0.000295109
6.399000,0.009434972,0.000468778
6.401000,0.016182250,0.000533681
6.403000,0.019942922,0.000552740
6.405000,0.019418810,0.000584732
6.407000,0.017897640,0.000556228
6.409000,0.015138128,0.000442506
6.411000,0.016195882,0.000315186
6.413000,0.019368272,0.000193255
6.415000,0.020234344,0.000067879
6.417000,0.018720860,0.000067981
6.419000,0.018013158,0.000106432
6.421000,0.019160386,0.000083694
6.423000,0.020442982,0.000035807
6.425000,0.021350536,0.000014345
6.427000,0.022327419,0.000020886
6.429000,0.022973440,0.000014736
6.431000,0.023419361,0.000011697
6.433000,0.023981911,0.000018338
6.435000,0.024202909,0.000019044
6.437000,0.023846121,0.000019350
6.439000,0.023801872,0.000020075
6.441000,0.024167698,0.000017750
6.443000,0.024229844,0.000013878
6.445000,0.024256332,0.000011209
6.447000,0.024857809,0.000009555
6.449000,0.025948898,0.000005709
6.451000,0.027008232,0.000010094
6.453000,0.026757044,0.000013937
6.455000,0.025504083,0.000015329
6.457000,0.024917638,0.000016238
6.459000,0.025027008,0.000017181
6.461000,0.025460210,0.000015158
6.463000,0.025682676,0.000016746
6.465000,0.025892295,0.000023370
6.467000,0.026125072,0.000021611
6.469000,0.025980840,0.000022720
6.471000,0.026475200,0.000046021
6.473000,0.025609883,0.000068522
6.475000,0.025593667,0.000119972
6.477000,0.026253196,0.000204396
6.479000,0.025347251,0.000218744
6.481000,0.024901995,0.000200891
6.483000,0.024402389,0.000245910
6.485000,0.024411190,0.000172477
6.487000,0.024733467,0.000329639
6.489000,0.022362529,0.000603812
6.491000,0.016527236,0.000608191
6.493000,0.010028535,0.000332162
6.495000,0.005383059,0.000171785
6.497000,0.004663512,0.000246286
6.499000,0.007318801,0.000196071
6.501000,0.009277454,0.000211249
6.503000,0.007601791,0.000200388
6.505000,0.004502537,0.000123919
6.507000,0.003405175,0.000074229
6.509000,0.004848133,0.000058299
6.511000,0.005934255,0.000042309
6.513000,0.005678222,0.000037778
6.515000,0.005407171,0.000067280
6.517000,0.005842059,0.000120142
6.519000,0.003547447,0.000147207
6.521000,0.002510509,0.000130743
6.523000,0.003508637,0.000189254
6.525000,0.003633800,0.000271170
6.527000,0.003372146,0.000229990
6.529000,0.003684771,0.000130708
6.531000,0.003139380,0.000166241
6.533000,0.002415350,0.000102917
6.535000,0.002195714,0.000223806
6.537000,0.001681276,0.000590393
6.539000,0.006052866,0.000847306
6.541000,0.013162994,0.000827007
6.543000,0.017798926,0.000607865
6.545000,0.018956585,0.000408212
6.547000,0.018847202,0.000288453
6.549000,0.016486929,0.000176382
6.551000,0.017919120,0.000065716
6.553000,0.020537011,0.000019666
6.555000,0.022177365,0.000023494
6.557000,0.022232728,0.000009077
6.559000,0.021708903,0.000003080
6.561000,0.023193983,0.000008232
6.563000,0.022296619,0.000007963
6.565000,0.021488149,0.000006526
6.567000,0.025192826,0.000007188
6.569000,0.026695504,0.000004581
6.571000,0.025242161,0.000003657
6.573000,0.025533674,0.000003030
6.575000,0.025039797,0.000000974
6.577000,0.023658576,0.000002020
6.579000,0.022806019,0.000002596
6.581000,0.021570753,0.000001350
6.583000,0.019966269,0.000003035
6.585000,0.018775505,0.000002094
6.587000,0.016972048,0.000004175
6.589000,0.011342798,0.000002711
6.591000,0.005675868,0.000005946
6.593000,0.004410933,0.000007763
6.595000,0.005852059,0.000009547
6.597000,0.009593510,0.000015783
6.599000,0.009851378,0.000022454
6.601000,0.006396259,0.000033682
6.603000,0.004504247,0.000096685
6.605000,0.006662540,0.000190007
6.607000,0.007900525,0.000258078
6.609000,0.007106136,0.000252267
6.611000,0.005441201,0.000168221
6.613000,0.004727792,0.000137292
6.615000,0.004151020,0.000260030
6.617000,0.003130157,0.000349930
6.619000,0.003233578,0.000353175
6.621000,0.003431156,0.000277337
6.623000,0.002735430,0.000199598
6.625000,0.002928126,0.000237482
6.627000,0.003112943,0.000300311
6.629000,0.003365618,0.000301976
6.631000,0.002818508,0.000270819
6.633000,0.001134602,0.000289367
6.635000,0.002185100,0.000337317
6.637000,0.006974445,0.000365775
6.639000,0.013301066,0.000365184
6.641000,0.018777796,0.000357142
6.643000,0.019787383,0.000344876
6.645000,0.018164428,0.000328434
6.647000,0.015380920,0.000300451
6.649000,0.015719622,0.000261608
6.651000,0.018724123,0.000211013
6.653000,0.020542642,0.000145105
6.655000,0.019855064,0.000084691
6.657000,0.020247108,0.000040162
6.659000,0.020106298,0.000015750
6.661000,0.021085724,0.000013630
6.663000,0.021409360,0.000013213
6.665000,0.021609646,0.000009340
6.667000,0.023272949,0.000007671
6.669000,0.023200692,0.000006265
6.671000,0.023030390,0.000005764
6.673000,0.023919252,0.000006342
6.675000,0.023676207,0.000006312
6.677000,0.023385595,0.000005605
6.679000,0.023540064,0.000006080
6.681000,0.022904564,0.000010469
6.683000,0.022812459,0.000009941
6.685000,0.022394118,0.000007106
6.687000,0.021907934,0.000009427
6.689000,0.022086913,0.000013530
6.691000,0.022320955,0.000015850
6.693000,0.022878966,0.000017438
6.695000,0.023004874,0.000018305
6.697000,0.022969195,0.000016580
6.699000,0.023940007,0.000012377
6.701000,0.025384718,0.000010016
6.703000,0.026438395,0.000005732
6.705000,0.026330118,0.000014074
6.707000,0.025643220,0.000026394
6.709000,0.024967545,0.000037446
6.711000,0.024930847,0.000045595
6.713000,0.025113672,0.000050189
6.715000,0.024165287,0.000053794
6.717000,0.024011886,0.000047075
6.719000,0.023613913,0.000038830
6.721000,0.024052434,0.000033822
6.723000,0.024147902,0.000014834
6.725000,0.024960794,0.000014529
6.727000,0.023986865,0.000065756
6.729000,0.019697021,0.000126724
6.731000,0.013945654,0.000124767
6.733000,0.007970515,0.000055562
6.735000,0.005211194,0.000089522
6.737000,0.004501475,0.000292553
6.739000,0.007083064,0.000533392
6.741000,0.006898235,0.000664173
6.743000,0.004157335,0.000610878
6.745000,0.002806945,0.000508094
6.747000,0.003213527,0.000626589
6.749000,0.004453054,0.000714946
6.751000,0.005201994,0.000525015
6.753000,0.004842911,0.000176218
6.755000,0.005056773,0.000294030
6.757000,0.004739180,0.000424687
6.759000,0.002577839,0.000369396
6.761000,0.002594082,0.000300795
6.763000,0.004222245,0.000311050
6.765000,0.004039159,0.000389798
6.767000,0.003723276,0.000464042
6.769000,0.003985188,0.000451460
6.771000,0.002473818,0.000329983
6.773000,0.002219605,0.000183978
6.775000,0.001390428,0.000247996
6.777000,0.002287523,0.000366841
6.779000,0.007515213,0.000363943
6.781000,0.013914696,0.000262450
6.783000,0.016807125,0.000131487
6.785000,0.016881810,0.000059749
6.787000,0.016757053,0.000046411
6.789000,0.015804871,0.000032729
6.791000,0.018659176,0.000021269
6.793000,0.021405618,0.000014493
6.795000,0.022050783,0.000009078
6.797000,0.022137412,0.000005083
6.799000,0.022320341,0.000003521
6.801000,0.024169389,0.000002200
6.803000,0.024368811,0.000001805
6.805000,0.024015116,0.000001782
6.807000,0.026544011,0.000001590
6.809000,0.026707608,0.000003245
6.811000,0.026735625,0.000007280
6.813000,0.027456909,0.000008083
6.815000,0.025393256,0.000008584
6.817000,0.024818320,0.000015833
6.819000,0.024053156,0.000013193
6.821000,0.023026166,0.000017368
6.823000,0.024795080,0.000015741
6.825000,0.023821648,0.000011394
6.827000,0.019085867,0.000008075
6.829000,0.013204476,0.000004240
6.831000,0.007059625,0.000003214
6.833000,0.004791310,0.000003171
6.835000,0.004321740,0.000017665
6.837000,0.007884140,0.000048475
6.839000,0.008274946,0.000077642
6.841000,0.005215854,0.000108873
6.843000,0.004329999,0.000167701
6.845000,0.005812098,0.000193712
6.847000,0.006864651,0.000151671
6.849000,0.006546122,0.000076188
6.851000,0.005086679,0.000053574
6.853000,0.005406936,0.000144618
6.855000,0.004388714,0.000245160
6.857000,0.003211590,0.000317519
6.859000,0.003772791,0.000322836
6.861000,0.003219027,0.000238018
6.863000,0.002708934,0.000130031
6.865000,0.002609508,0.000103741
6.867000,0.002671127,0.000114808
6.869000,0.003117180,0.000101890
6.871000,0.002358238,0.000067460
6.873000,0.001836816,0.000033709
6.875000,0.004713041,0.000019842
6.877000,0.008779277,0.000013811
6.879000,0.015641368,0.000008521
6.881000,0.019476617,0.000008972
6.883000,0.018316050,0.000009630
6.885000,0.016505503,0.000011020
6.887000,0.014976691,0.000008724
6.889000,0.016474559,0.000007382
6.891000,0.018103717,0.000003206
6.893000,0.018212835,0.000002544
6.895000,0.017986553,0.000002085
6.897000,0.018502723,0.000003017
6.899000,0.018945492,0.000001913
6.901000,0.019146659,0.000003965
6.903000,0.019977627,0.000005279
6.905000,0.020948238,0.000005397
6.907000,0.021596906,0.000005934
6.909000,0.022540767,0.000007249
6.911000,0.023527344,0.000007502
6.913000,0.023933306,0.000009850
6.915000,0.023817150,0.000015963
6.917000,0.023599607,0.000022867
6.919000,0.023572126,0.000037827
6.921000,0.023452925,0.000069084
6.923000,0.023280760,0.000111350
6.925000,0.022739999,0.000159342
6.927000,0.022020603,0.000207996
6.929000,0.022709106,0.000248171
6.931000,0.022753765,0.000275061
6.933000,0.023285213,0.000294258
6.935000,0.023479273,0.000304230
6.937000,0.022874630,0.000297112
6.939000,0.023642189,0.000295526
6.941000,0.023483061,0.000306413
6.943000,0.024617818,0.000244661
6.945000,0.025619982,0.000095881
6.947000,0.026670746,0.000377894
6.949000,0.026183264,0.000721370
6.951000,0.024856957,0.000899410
6.953000,0.025866995,0.000854129
6.955000,0.025705475,0.000635777
6.957000,0.025511033,0.000347267
6.959000,0.025559934,0.000093284
6.961000,0.024975000,0.000259953
6.963000,0.025344488,0.000526898
6.965000,0.023926219,0.000744614
6.967000,0.020815532,0.000841558
6.969000,0.014633213,0.000774911
6.971000,0.007223719,0.000598856
6.973000,0.005941136,0.000412182
6.975000,0.007306343,0.000253957
6.977000,0.008033473,0.000137395
6.979000,0.008670706,0.000087726
6.981000,0.006707825,0.000068984
6.983000,0.003629832,0.000137646
6.985000,0.004180288,0.000243552
6.987000,0.006468869,0.000302231
6.989000,0.006913230,0.000278949
6.991000,0.005463095,0.000193974
6.993000,0.004821582,0.000103621
6.995000,0.004308845,0.000102589
6.997000,0.003499264,0.000169277
6.999000,0.004058586,0.000189638
7.001000,0.004227499,0.000183177
7.003000,0.004581634,0.000221015
7.005000,0.004111668,0.000226707
7.007000,0.004370235,0.000156523
7.009000,0.003929925,0.000146654
7.011000,0.002751096,0.000180183
7.013000,0.001770815,0.000151703
7.015000,0.003764597,0.000367915
7.017000,0.008875175,0.000577136
7.019000,0.015845208,0.000521420
7.021000,0.020569172,0.000256003
7.023000,0.019627341,0.000046082
7.025000,0.017886619,0.000154720
7.027000,0.015081957,0.000414114
7.029000,0.017466215,0.000536332
7.031000,0.020454267,0.000394170
7.033000,0.019898394,0.000143015
7.035000,0.018899819,0.000028011
7.037000,0.018648768,0.000026955
7.039000,0.019922166,0.000076140
7.041000,0.020867778,0.000098912
7.043000,0.020948038,0.000056075
7.045000,0.020889596,0.000015326
7.047000,0.021939484,0.000031161
7.049000,0.023483459,0.000041655
7.051000,0.024521873,0.000067006
7.053000,0.024207515,0.000110087
7.055000,0.023866804,0.000147144
7.057000,0.024210489,0.000161388
7.059000,0.023538070,0.000179376
7.061000,0.022974167,0.000196685
7.063000,0.023215242,0.000205947
7.065000,0.021394817,0.000216267
7.067000,0.014412831,0.000218872
7.069000,0.007218311,0.000203009
7.071000,0.005422397,0.000239563
7.073000,0.006169810,0.000295003
7.075000,0.008833659,0.000258741
7.077000,0.009666433,0.000145271
7.079000,0.006523957,0.000250264
7.081000,0.004210028,0.000409390
7.083000,0.004081375,0.000410038
7.085000,0.005801381,0.000272699
7.087000,0.005890244,0.000147056
7.089000,0.005254251,0.000224545
7.091000,0.004958947,0.000385631
7.093000,0.004292762,0.000466010
7.095000,0.003082039,0.000399167
7.097000,0.003293001,0.000224726
7.099000,0.004301816,0.000098376
7.101000,0.003487514,0.000141380
7.103000,0.002882861,0.000132842
7.105000,0.003447560,0.000075916
7.107000,0.002555756,0.000026658
7.109000,0.002838760,0.000018066
7.111000,0.002507999,0.000012789
7.113000,0.001390428,0.000005676
7.115000,0.005099276,0.000005308
7.117000,0.013849898,0.000006894
7.119000,0.018446730,0.000003531
7.121000,0.018368135,0.000004747
7.123000,0.018740709,0.000001697
7.125000,0.017459766,0.000002145
7.127000,0.018553799,0.000003230
7.129000,0.021202188,0.000003361
7.131000,0.021183173,0.000001728
7.133000,0.020860786,0.000001509
7.135000,0.020405509,0.000001554
7.137000,0.021260751,0.000001622
7.139000,0.021943382,0.000001677
7.141000,0.022114334,0.000001042
7.143000,0.023841097,0.000001310
7.145000,0.024656070,0.000002886
7.147000,0.025909218,0.000005726
7.149000,0.026769333,0.000007717
7.151000,0.026789631,0.000013922
7.153000,0.026277009,0.000025917
7.155000,0.025344134,0.000042756
7.157000,0.024489173,0.000063713
7.159000,0.024653558,0.000085444
7.161000,0.024778340,0.000111124
7.163000,0.025022006,0.000124193
7.165000,0.025382620,0.000133224
7.167000,0.023782435,0.000130881
7.169000,0.024018516,0.000121570
7.171000,0.025289174,0.000127150
7.173000,0.025496483,0.000123182
7.175000,0.027143736,0.000112525
7.177000,0.027089598,0.000133396
7.179000,0.026107686,0.000143315
7.181000,0.027260050,0.000115486
7.183000,0.027321327,0.000122772
7.185000,0.026598550,0.000122884
7.187000,0.025415547,0.000065870
7.189000,0.024585976,0.000061255
7.191000,0.025679460,0.000044191
7.193000,0.026992538,0.000018330
7.195000,0.027176145,0.000018979
7.197000,0.026350886,0.000013685
7.199000,0.025983922,0.000025579
7.201000,0.025545240,0.000023011
7.203000,0.024627039,0.000029326
7.205000,0.021774674,0.000028574
7.207000,0.016180943,0.000024043
7.209000,0.008737521,0.000020604
7.211000,0.006052253,0.000013936
7.213000,0.006671706,0.000009726
7.215000,0.008579382,0.000008916
7.217000,0.008872191,0.000005366
7.219000,0.005908827,0.000010125
7.221000,0.003090679,0.000017445
7.223000,0.003316976,0.000034874
7.225000,0.005636084,0.000070764
7.227000,0.006579999,0.000117740
7.229000,0.005254222,0.000165067
7.231000,0.004000243,0.000212067
7.233000,0.004265883,0.000251015
7.235000,0.003153871,0.000262958
7.237000,0.003022683,0.000259536
7.239000,0.004993360,0.000244999
7.241000,0.005265657,0.000239400
7.243000,0.004276913,0.000245498
7.245000,0.004001194,0.000222708
7.247000,0.003682094,0.000174903
7.249000,0.003219538,0.000131896
7.251000,0.002553170,0.000305782
7.253000,0.004190676,0.000621354
7.255000,0.008121711,0.000816920
7.257000,0.014995388,0.000718022
7.259000,0.020314159,0.000410042
7.261000,0.020070712,0.000216016
7.263000,0.018138214,0.000272501
7.265000,0.015532233,0.000260841
7.267000,0.016648627,0.000206404
7.269000,0.019273711,0.000164935
7.271000,0.021117878,0.000149444
7.273000,0.020687879,0.000107390
7.275000,0.019519719,0.000050392
7.277000,0.019886037,0.000028497
7.279000,0.020738793,0.000018129
7.281000,0.020278775,0.000013214
7.283000,0.021356347,0.000012793
7.285000,0.022685748,0.000018639
7.287000,0.023618102,0.000020478
7.289000,0.024209373,0.000020736
7.291000,0.023780211,0.000020334
7.293000,0.022803475,0.000017433
7.295000,0.021886558,0.000013633
7.297000,0.021549632,0.000009471
7.299000,0.022216016,0.000007734
7.301000,0.023188405,0.000007357
7.303000,0.022274413,0.000004964
7.305000,0.017193910,0.000002076
7.307000,0.009601010,0.000001215
7.309000,0.006730622,0.000000859
7.311000,0.006273822,0.000000432
7.313000,0.007488010,0.000000532
7.315000,0.009199532,0.000000412
7.317000,0.007025997,0.000000285
7.319000,0.004308983,0.000000558
7.321000,0.005016762,0.000001213
7.323000,0.006622400,0.000001728
7.325000,0.007783389,0.000001897
7.327000,0.006419877,0.000001809
7.329000,0.004877985,0.000001414
7.331000,0.005869273,0.000001171
7.333000,0.004190249,0.000004155
7.335000,0.002722450,0.000004345
7.337000,0.002682047,0.000005483
7.339000,0.003301283,0.000015823
7.341000,0.003588173,0.000016187
7.343000,0.003396400,0.000018219
7.345000,0.002141618,0.000055769
7.347000,0.001223866,0.000064266
7.349000,0.001701232,0.000129203
7.351000,0.001188467,0.000372727
7.353000,0.004047562,0.000612601
7.355000,0.010492736,0.000646866
7.357000,0.016233269,0.000480643
7.359000,0.016967941,0.000396823
7.361000,0.017266315,0.000410763
7.363000,0.015743441,0.000401572
7.365000,0.016688988,0.000456973
7.367000,0.018750412,0.000411574
7.369000,0.019320005,0.000293183
7.371000,0.019410767,0.000395613
7.373000,0.019785239,0.000411637
7.375000,0.019909773,0.000203970
7.377000,0.020311352,0.000114329
7.379000,0.020836252,0.000208632
7.381000,0.021534040,0.000154631
7.383000,0.022070800,0.000051460
7.385000,0.022569715,0.000030644
7.387000,0.023080420,0.000034401
7.389000,0.023084831,0.000013992
7.391000,0.022706325,0.000007263
7.393000,0.021973206,0.000011020
7.395000,0.021715100,0.000006221
7.397000,0.021641779,0.000004859
7.399000,0.020919197,0.000005648
7.401000,0.020249032,0.000003741
7.403000,0.020407901,0.000003995
7.405000,0.020898775,0.000005193
7.407000,0.021247844,0.000005910
7.409000,0.021880206,0.000005388
7.411000,0.023097229,0.000007407
7.413000,0.023380060,0.000013099
7.415000,0.021868741,0.000016609
7.417000,0.020575510,0.000018866
7.419000,0.021832543,0.000020422
7.421000,0.023667946,0.000019232
7.423000,0.024566239,0.000015679
7.425000,0.024561533,0.000012148
7.427000,0.023679225,0.000009320
7.429000,0.023802516,0.000005212
7.431000,0.022983464,0.000009419
7.433000,0.023169676,0.000011391
7.435000,0.022825453,0.000015128
7.437000,0.022335308,0.000017789
7.439000,0.021246287,0.000018044
7.441000,0.021131534,0.000016423
7.443000,0.021199791,0.000015244
7.445000,0.016319461,0.000008017
7.447000,0.008450146,0.000005795
7.449000,0.005410557,0.000010700
7.451000,0.006187384,0.000007443
7.453000,0.007685434,0.000012994
7.455000,0.009260504,0.000021286
7.457000,0.007240442,0.000026605
7.459000,0.004379865,0.000027642
7.461000,0.003162236,0.000033213
7.463000,0.004461988,0.000034801
7.465000,0.005797969,0.000030592
7.467000,0.005575141,0.000032868
7.469000,0.005394794,0.000029839
7.471000,0.005166584,0.000027822
7.473000,0.003883540,0.000054192
7.475000,0.003361848,0.000066182
7.477000,0.003894001,0.000058410
7.479000,0.004628459,0.000060319
7.481000,0.003950807,0.000059951
7.483000,0.003726953,0.000082902
7.485000,0.003695824,0.000345586
7.487000,0.003920781,0.000582559
7.489000,0.002944958,0.000511525
7.491000,0.003784229,0.000212555
7.493000,0.006341343,0.000554853
7.495000,0.012502186,0.000801883
7.497000,0.017561261,0.000694391
7.499000,0.018016516,0.000393602
7.501000,0.016424455,0.000154341
7.503000,0.012049331,0.000147500
7.505000,0.011788551,0.000150332
7.507000,0.016801469,0.000093310
7.509000,0.018877384,0.000047429
7.511000,0.016994022,0.000034393
7.513000,0.016806487,0.000018721
7.515000,0.017659384,0.000006227
7.517000,0.018386415,0.000006866
7.519000,0.017313784,0.000004818
7.521000,0.018559185,0.000001557
7.523000,0.020285736,0.000003111
7.525000,0.019909636,0.000002391
7.527000,0.020149902,0.000003308
7.529000,0.020870421,0.000005314
7.531000,0.020931177,0.000008254
7.533000,0.021665857,0.000011487
7.535000,0.020238426,0.000023342
7.537000,0.018964742,0.000030393
7.539000,0.019476964,0.000045516
7.541000,0.018764741,0.000092348
7.543000,0.014504918,0.000119530
7.545000,0.007756012,0.000134722
7.547000,0.004316184,0.000190501
7.549000,0.004502079,0.000207072
7.551000,0.006108749,0.000202539
7.553000,0.009677688,0.000224934
7.555000,0.009377493,0.000225782
7.557000,0.004897843,0.000221408
7.559000,0.002596367,0.000228272
7.561000,0.002984532,0.000273629
7.563000,0.003521946,0.000285525
7.565000,0.003441933,0.000191688
7.567000,0.003072656,0.000173350
7.569000,0.003791531,0.000269202
7.571000,0.003009760,0.000314661
7.573000,0.002074306,0.000327280
7.575000,0.002856296,0.000350598
7.577000,0.003312336,0.000349931
7.579000,0.003309308,0.000258287
7.581000,0.003770441,0.000101879
7.583000,0.003681688,0.000205169
7.585000,0.004216418,0.000357273
7.587000,0.003665195,0.000352497
7.589000,0.003516390,0.000194709
7.591000,0.005228827,0.000086722
7.593000,0.009716716,0.000167785
7.595000,0.016112947,0.000163559
7.597000,0.016450882,0.000143049
7.599000,0.016586405,0.000150946
7.601000,0.012494297,0.000150465
7.603000,0.011637422,0.000147900
7.605000,0.015074865,0.000154121
7.607000,0.016437074,0.000147111
7.609000,0.018052287,0.000139701
7.611000,0.017219071,0.000121970
7.613000,0.015892760,0.000102893
7.615000,0.016293934,0.000077913
7.617000,0.016309298,0.000055832
7.619000,0.016974776,0.000037999
7.621000,0.017436798,0.000024887
7.623000,0.018298719,0.000017301
7.625000,0.019172504,0.000010203
7.627000,0.019103753,0.000006007
7.629000,0.018087745,0.000005367
7.631000,0.017715464,0.000002575
7.633000,0.017265574,0.000003731
7.635000,0.017361143,0.000002378
7.637000,0.017637062,0.000004175
7.639000,0.017861150,0.000005189
7.641000,0.017533483,0.000009560
7.643000,0.017030168,0.000017447
7.645000,0.016769413,0.000022447
7.647000,0.017079491,0.000033280
7.649000,0.018459518,0.000042207
7.651000,0.019059397,0.000050824
7.653000,0.018958768,0.000059205
7.655000,0.017968641,0.000065697
7.657000,0.017973169,0.000067379
7.659000,0.020152401,0.000071333
7.661000,0.020211662,0.000073106
7.663000,0.019885440,0.000084759
7.665000,0.018555233,0.000105480
7.667000,0.018773612,0.000103349
7.669000,0.018825411,0.000116841
7.671000,0.017938634,0.000198930
7.673000,0.017554563,0.000279249
7.675000,0.017814925,0.000269620
7.677000,0.018724245,0.000131092
7.679000,0.018785581,0.000290283
7.681000,0.019367071,0.000734104
7.683000,0.017164016,0.000987734
7.685000,0.008660767,0.000859479
7.687000,0.005096684,0.000475000
7.689000,0.003015313,0.000144803
7.691000,0.004079107,0.000239259
7.693000,0.007596757,0.000299181
7.695000,0.006840549,0.000260556
7.697000,0.003839725,0.000165625
7.699000,0.001836411,0.000209504
7.701000,0.000984633,0.000315473
7.703000,0.001700217,0.000320419
7.705000,0.002494761,0.000243051
7.707000,0.002286828,0.000141451
7.709000,0.002625571,0.000061062
7.711000,0.001830004,0.000111556
7.713000,0.001156486,0.000239717
7.715000,0.001605889,0.000428171
7.717000,0.002411382,0.000638838
7.719000,0.002908881,0.000712408
7.721000,0.002663860,0.000494658
7.723000,0.002505664,0.000168705
7.725000,0.002661955,0.000477481
7.727000,0.002616654,0.000562758
7.729000,0.003961769,0.000562153
7.731000,0.004345422,0.000803003
7.733000,0.008799707,0.000811190
7.735000,0.015765021,0.000544528
7.737000,0.016192413,0.000366285
7.739000,0.015754665,0.000346731
7.741000,0.011579833,0.000239919
7.743000,0.009120843,0.000110652
7.745000,0.012489582,0.000120061
7.747000,0.016167918,0.000066253
7.749000,0.016647478,0.000141111
7.751000,0.015651699,0.000265088
7.753000,0.014829256,0.000253152
7.755000,0.015120786,0.000133153
7.757000,0.014416770,0.000081446
7.759000,0.014131265,0.000098285
7.761000,0.014210118,0.000074068
7.763000,0.014931798,0.000075830
7.765000,0.014840232,0.000054637
7.767000,0.015265277,0.000059733
7.769000,0.015314741,0.000070417
7.771000,0.015322659,0.000084772
7.773000,0.014992779,0.000095277
7.775000,0.014618206,0.000048895
7.777000,0.014031639,0.000191245
7.779000,0.014297812,0.000363946
7.781000,0.014291770,0.000410145
7.783000,0.005916012,0.000321026
7.785000,0.002569396,0.000352556
7.787000,0.001724684,0.000502660
7.789000,0.003435500,0.000513396
7.791000,0.005728914,0.000394041
7.793000,0.005420496,0.000469941
7.795000,0.003053780,0.000704784
7.797000,0.000783884,0.000839262
7.799000,0.000637500,0.000808728
7.801000,0.000666955,0.000598620
7.803000,0.001504206,0.000264124
7.805000,0.001713301,0.000099432
7.807000,0.002228706,0.000199044
7.809000,0.001516661,0.000278058
7.811000,0.000724751,0.000433368
7.813000,0.001125618,0.000456873
7.815000,0.002287221,0.000287437
7.817000,0.003086217,0.000086172
7.819000,0.003180901,0.000068372
7.821000,0.003154225,0.000221084
7.823000,0.002492063,0.000347615
7.825000,0.002154491,0.000345173
7.827000,0.003820948,0.000276608
7.829000,0.005819549,0.000280511
7.831000,0.006731413,0.000268824
7.833000,0.014268930,0.000184115
7.835000,0.016138251,0.000202648
7.837000,0.016063242,0.000283341
7.839000,0.012330832,0.000253952
7.841000,0.010060345,0.000124381
7.843000,0.013914000,0.000145895
7.845000,0.016504340,0.000273333
7.847000,0.016649748,0.000331672
7.849000,0.015202246,0.000323120
7.851000,0.014815299,0.000345947
7.853000,0.015054556,0.000465649
7.855000,0.014425717,0.000517299
7.857000,0.014020090,0.000402721
7.859000,0.014647436,0.000204615
7.861000,0.015346516,0.000108367
7.863000,0.014805525,0.000264751
7.865000,0.015482517,0.000520923
7.867000,0.014985679,0.000681717
7.869000,0.013778519,0.000648257
7.871000,0.014471078,0.000462626
7.873000,0.014429052,0.000289247
7.875000,0.014838589,0.000284902
7.877000,0.014438728,0.000337823
7.879000,0.013739477,0.000404147
7.881000,0.013723838,0.000428124
7.883000,0.013443425,0.000420207
7.885000,0.013216553,0.000370659
7.887000,0.013825147,0.000224235
7.889000,0.014295846,0.000275353
7.891000,0.013992898,0.000493967
7.893000,0.013747277,0.000565058
7.895000,0.014011335,0.000439212
7.897000,0.014203280,0.000250611
7.899000,0.014188557,0.000179091
7.901000,0.014487114,0.000186098
7.903000,0.014329847,0.000202340
7.905000,0.014403754,0.000214184
7.907000,0.014543347,0.000192532
7.909000,0.014174806,0.000143868
7.911000,0.014509152,0.000097637
7.913000,0.015098238,0.000062839
7.915000,0.016044359,0.000030920
7.917000,0.016753185,0.000009230
7.919000,0.016141680,0.000007389
7.921000,0.015726186,0.000007322
7.923000,0.008567237,0.000017269
7.925000,0.002127455,0.000040369
7.927000,0.000537216,0.000057565
7.929000,0.002163913,0.000078203
7.931000,0.005555983,0.000113096
7.933000,0.005626482,0.000138134
7.935000,0.003272573,0.000147403
7.937000,0.001289788,0.000150646
7.939000,0.002148059,0.000150980
7.941000,0.001556319,0.000148869
7.943000,0.002117195,0.000140775
7.945000,0.001724287,0.000115465
7.947000,0.002279958,0.000123675
7.949000,0.001964288,0.000229566
7.951000,0.001498268,0.000288525
7.953000,0.001576117,0.000233102
7.955000,0.002063833,0.000173524
7.957000,0.002505270,0.000104562
7.959000,0.002845035,0.000109668
7.961000,0.002413155,0.000261321
7.963000,0.002759940,0.000313328
7.965000,0.002830630,0.000334254
7.967000,0.002278998,0.000463125
7.969000,0.004031445,0.000625165
7.971000,0.003551453,0.000639203
7.973000,0.009849871,0.000509812
7.975000,0.011143204,0.000379814
7.977000,0.011165233,0.000261128
7.979000,0.009407191,0.000124538
7.981000,0.007965948,0.000036772
7.983000,0.010535847,0.000038104
7.985000,0.013317352,0.000026714
7.987000,0.014274161,0.000056053
7.989000,0.014577986,0.000087524
7.991000,0.014142019,0.000090001
7.993000,0.013105114,0.000076429
7.995000,0.012472188,0.000158369
7.997000,0.013668567,0.000313459
7.999000,0.015097298,0.000409260
8.001000,0.015420114,0.000337851
8.003000,0.014441537,0.000168620
8.005000,0.015311281,0.000406165
8.007000,0.014822540,0.000695425
8.009000,0.013853957,0.000764199
8.011000,0.012691886,0.000592651
8.013000,0.013172990,0.000371544
8.015000,0.013707438,0.000393059
8.017000,0.013788087,0.000500214
8.019000,0.014678377,0.000527468
8.021000,0.007067893,0.000478453
8.023000,0.002068776,0.000387986
8.025000,0.001842971,0.000273861
8.027000,0.001570681,0.000204433
8.029000,0.004788051,0.000186536
8.031000,0.005120702,0.000108405
8.033000,0.002989994,0.000253981
8.035000,0.000912406,0.000501639
8.037000,0.001486120,0.000456494
8.039000,0.001787032,0.000762392
8.041000,0.002157602,0.002526552
8.043000,0.004519588,0.004124170
8.045000,0.003216499,0.004149652
8.047000,0.001728654,0.002578550
8.049000,0.000553673,0.000793629
8.051000,0.000397140,0.000335619
8.053000,0.001192986,0.000237876
8.055000,0.001587220,0.000183731
8.057000,0.000913144,0.000254422
8.059000,0.001438472,0.000128146
8.061000,0.002190840,0.000039404
8.063000,0.002179768,0.000071088
8.065000,0.003337803,0.000041376
8.067000,0.005691207,0.000017697
8.069000,0.005383632,0.000032853
8.071000,0.012794552,0.000023645
8.073000,0.014282452,0.000035084
8.075000,0.013056108,0.000088362
8.077000,0.011159371,0.000151115
8.079000,0.008096864,0.000195665
8.081000,0.010987426,0.000190317
8.083000,0.014197784,0.000141941
8.085000,0.015161827,0.000140974
8.087000,0.015318349,0.000214915
8.089000,0.014368812,0.000273951
8.091000,0.012577826,0.000277519
8.093000,0.012796879,0.000213181
8.095000,0.013144660,0.000117027
8.097000,0.014559835,0.000091667
8.099000,0.013840572,0.000167826
8.101000,0.011859186,0.000238115
8.103000,0.012241599,0.000289689
8.105000,0.011996446,0.000323628
8.107000,0.012177819,0.000326245
8.109000,0.012886058,0.000294550
8.111000,0.012652520,0.000227237
8.113000,0.012565356,0.000137538
8.115000,0.012971047,0.000076599
8.117000,0.012105112,0.000182266
8.119000,0.011905241,0.000300796
8.121000,0.012051994,0.000301543
8.123000,0.011525421,0.000176202
8.125000,0.012102892,0.000049981
8.127000,0.012890770,0.000116044
8.129000,0.013510661,0.000154987
8.131000,0.013080639,0.000161180
8.133000,0.011785383,0.000171176
8.135000,0.012813617,0.000202313
8.137000,0.012890907,0.000197050
8.139000,0.012662946,0.000147743
8.141000,0.012059377,0.000166605
8.143000,0.011730608,0.000218606
8.145000,0.012446183,0.000210874
8.147000,0.013305366,0.000159368
8.149000,0.014329875,0.000181468
8.151000,0.013682747,0.000262002
8.153000,0.013153013,0.000267760
8.155000,0.013701417,0.000173797
8.157000,0.013627784,0.000140198
8.159000,0.014335457,0.000284105
8.161000,0.013409303,0.000353175
8.163000,0.005996467,0.000300690
8.165000,0.001451412,0.000166650
8.167000,0.000917672,0.000117793
8.169000,0.002818325,0.000193186
8.171000,0.005458806,0.000202706
8.173000,0.005162783,0.000186889
8.175000,0.002633989,0.000175139
8.177000,0.000617132,0.000172207
8.179000,0.001480531,0.000177854
8.181000,0.001929940,0.000166736
8.183000,0.001256630,0.000173054
8.185000,0.001354493,0.000171549
8.187000,0.002021543,0.000144924
8.189000,0.001245888,0.000141238
8.191000,0.000836674,0.000142872
8.193000,0.001809437,0.000107160
8.195000,0.002427721,0.000105094
8.197000,0.003052346,0.000169609
8.199000,0.002967980,0.000095950
8.201000,0.002884645,0.000237392
8.203000,0.002825245,0.000433789
8.205000,0.002709186,0.000341120
8.207000,0.004332293,0.000422114
8.209000,0.005409759,0.000708672
8.211000,0.009830384,0.000630479
8.213000,0.014250303,0.000523762
8.215000,0.014794024,0.000624509
8.217000,0.014672273,0.000525889
8.219000,0.010575081,0.000457585
8.221000,0.010296154,0.000453285
8.223000,0.012688178,0.000376188
8.225000,0.014759362,0.000378408
8.227000,0.014415907,0.000415457
8.229000,0.012811826,0.000456412
8.231000,0.011274716,0.000496798
8.233000,0.010813543,0.000483787
8.235000,0.010716819,0.000357761
8.237000,0.010862653,0.000191609
8.239000,0.012030926,0.000094117
8.241000,0.011922992,0.000063532
8.243000,0.013245552,0.000216036
8.245000,0.014152521,0.000301062
8.247000,0.012819703,0.000249539
8.249000,0.012330353,0.000133767
8.251000,0.011933611,0.000160098
8.253000,0.011674427,0.000205770
8.255000,0.011920437,0.000163594
8.257000,0.014985282,0.000393682
8.259000,0.012123432,0.000685504
8.261000,0.002935299,0.000731462
8.263000,0.002418883,0.000516584
8.265000,0.001142765,0.000297105
8.267000,0.002072091,0.000396382
8.269000,0.005764536,0.000462812
8.271000,0.005330859,0.000541871
8.273000,0.002431612,0.000870396
8.275000,0.000571957,0.000747651
8.277000,0.000972586,0.001700569
8.279000,0.000755364,0.005220698
8.281000,0.000734745,0.009397492
8.283000,0.001209398,0.012563673
8.285000,0.001810174,0.013918765
8.287000,0.001814006,0.013888966
8.289000,0.001116127,0.013412539
8.291000,0.001455204,0.013086444
8.293000,0.002182849,0.012960952
8.295000,0.002925506,0.012893304
8.297000,0.003683644,0.012862365
8.299000,0.003365231,0.012915876
8.301000,0.002736632,0.013038845
8.303000,0.002029390,0.013193357
8.305000,0.003116961,0.013362586
8.307000,0.005132788,0.013510359
8.309000,0.009465852,0.013613288
8.311000,0.014701953,0.013672095
8.313000,0.015093857,0.013689467
8.315000,0.014615791,0.013690647
8.317000,0.010456768,0.013698436
8.319000,0.009441114,0.013715797
8.321000,0.012853425,0.013739787
8.323000,0.016144142,0.013749798
8.325000,0.015977430,0.013704405
8.327000,0.014091337,0.013586457
8.329000,0.014078547,0.013415910
8.331000,0.013435542,0.013203236
8.333000,0.012637980,0.012915164
8.335000,0.013057723,0.012527699
8.337000,0.012863201,0.012125507
8.339000,0.014032802,0.011897096
8.341000,0.014313180,0.011960999
8.343000,0.014465823,0.012226093
8.345000,0.014724601,0.012505962
8.347000,0.014658905,0.012714304
8.349000,0.014245730,0.012880792
8.351000,0.013204981,0.013029887
8.353000,0.012659515,0.013091685
8.355000,0.012782247,0.013010009
8.357000,0.012885391,0.012928314
8.359000,0.012265230,0.013090137
8.361000,0.012607987,0.013520033
8.363000,0.013173703,0.013953319
8.365000,0.013291591,0.014132973
8.367000,0.014143418,0.014114413
8.369000,0.015115431,0.014246073
8.371000,0.014670133,0.014744961
8.373000,0.014419554,0.015174516
8.375000,0.014796348,0.014520365
8.377000,0.014862598,0.012052654
8.379000,0.014504342,0.008161466
8.381000,0.014319774,0.004241474
8.383000,0.014850847,0.001637439
8.385000,0.015274778,0.000585811
8.387000,0.014656793,0.000193552
8.389000,0.013636199,0.000080600
8.391000,0.012591577,0.000399842
8.393000,0.013252065,0.000806683
8.395000,0.013774145,0.000935447
8.397000,0.015049802,0.000676795
8.399000,0.014580608,0.000470529
8.401000,0.006092648,0.000683463
8.403000,0.001567314,0.000784025
8.405000,0.000979201,0.000691380
8.407000,0.002937867,0.000589111
8.409000,0.006072052,0.000558796
8.411000,0.005298311,0.000540665
8.413000,0.001712859,0.000517531
8.415000,0.001192318,0.000412066
8.417000,0.000453489,0.000320378
8.419000,0.000628947,0.000443592
8.421000,0.001735942,0.000489198
8.423000,0.002665078,0.000365073
8.425000,0.003119449,0.000221104
8.427000,0.002507570,0.000221963
8.429000,0.001788775,0.000262563
8.431000,0.001935488,0.000284837
8.433000,0.002270273,0.000296633
8.435000,0.003071302,0.000311833
8.437000,0.003235179,0.000335763
8.439000,0.003495219,0.000326210
8.441000,0.003043220,0.000215524
8.443000,0.001947559,0.000190162
8.445000,0.003055253,0.000446258
8.447000,0.005026662,0.000537677
8.449000,0.009373182,0.000368175
8.451000,0.016472101,0.000191519
8.453000,0.015781814,0.000285859
8.455000,0.014781749,0.000356163
8.457000,0.010572125,0.000314150
8.459000,0.008426164,0.000203806
8.461000,0.012651753,0.000214260
8.463000,0.014983947,0.000326816
8.465000,0.014720485,0.000479272
8.467000,0.013367276,0.000611028
8.469000,0.012257438,0.000546821
8.471000,0.013370834,0.000323462
8.473000,0.013846033,0.000149854
8.475000,0.013085605,0.000138431
8.477000,0.013855778,0.000140091
8.479000,0.014274302,0.000078003
8.481000,0.014026336,0.000216923
8.483000,0.015049544,0.000384300
8.485000,0.014403813,0.000405013
8.487000,0.013471088,0.000299301
8.489000,0.012623971,0.000170398
8.491000,0.012665356,0.000146832
8.493000,0.012667721,0.000291783
8.495000,0.013509599,0.000390907
8.497000,0.013932809,0.000352163
8.499000,0.006141717,0.000201010
8.501000,0.003479266,0.000062743
8.503000,0.001399579,0.000028187
8.505000,0.001754973,0.000058594
8.507000,0.005937809,0.000043628
8.509000,0.005536523,0.000028225
8.511000,0.002707023,0.000030741
8.513000,0.000910164,0.000016101
8.515000,0.001405949,0.000006747
8.517000,0.000946698,0.000005753
8.519000,0.001108940,0.000003912
8.521000,0.002091531,0.000012911
8.523000,0.002834128,0.000024391
8.525000,0.001741231,0.000034187
8.527000,0.000676479,0.000043181
8.529000,0.000849375,0.000041670
8.531000,0.001815178,0.000029936
8.533000,0.002830941,0.000088698
8.535000,0.003194283,0.000074196
8.537000,0.002953184,0.000092042
8.539000,0.003586168,0.000221017
8.541000,0.002487506,0.000290127
8.543000,0.003136579,0.000526465
8.545000,0.005973485,0.000802473
8.547000,0.006576492,0.000777620
8.549000,0.013348525,0.000474107
8.551000,0.014655913,0.000158116
8.553000,0.014193162,0.000082730
8.555000,0.011083573,0.000076499
8.557000,0.009312075,0.000024502
8.559000,0.011463596,0.000021823
8.561000,0.014575973,0.000020435
8.563000,0.015931022,0.000005761
8.565000,0.013262398,0.000006436
8.567000,0.011294736,0.000005086
8.569000,0.010976426,0.000002500
8.571000,0.010387515,0.000001056
8.573000,0.011321475,0.000001919
8.575000,0.012216017,0.000001206
8.577000,0.013112651,0.000001798
8.579000,0.012598192,0.000001311
8.581000,0.012968751,0.000001991
8.583000,0.014684792,0.000001291
8.585000,0.014527609,0.000000700
8.587000,0.012342050,0.000001002
8.589000,0.011032164,0.000001424
8.591000,0.011957564,0.000001943
8.593000,0.014673554,0.000002396
8.595000,0.014013380,0.000001306
8.597000,0.006099236,0.000000977
8.599000,0.002079485,0.000001030
8.601000,0.001117116,0.000000788
8.603000,0.002873024,0.000001483
8.605000,0.007933341,0.000001047
8.607000,0.008032082,0.000000706
8.609000,0.005156668,0.000000392
8.611000,0.003190450,0.000000856
8.613000,0.003558797,0.000001581
8.615000,0.003907354,0.000002033
8.617000,0.003088514,0.000002017
8.619000,0.002240308,0.000003016
8.621000,0.002673450,0.000006564
8.623000,0.002573144,0.000008112
8.625000,0.001585313,0.000006743
8.627000,0.001555957,0.000014634
8.629000,0.002326982,0.000017771
8.631000,0.003324418,0.000016884
8.633000,0.003452578,0.000029029
8.635000,0.002699429,0.000019549
8.637000,0.003532352,0.000028883
8.639000,0.003417210,0.000019160
8.641000,0.003845348,0.000019584
8.643000,0.006609044,0.000013350
8.645000,0.007026978,0.000016731
8.647000,0.013663204,0.000019949
8.649000,0.015905135,0.000053059
8.651000,0.014767338,0.000119679
8.653000,0.011664328,0.000229465
8.655000,0.009272069,0.000314705
8.657000,0.012145315,0.000314893
8.659000,0.014577900,0.000247058
8.661000,0.014892186,0.000132436
8.663000,0.014004711,0.000108565
8.665000,0.012927430,0.000245070
8.667000,0.012462535,0.000360665
8.669000,0.012403017,0.000423612
8.671000,0.012588983,0.000404258
8.673000,0.013355253,0.000309572
8.675000,0.013538360,0.000181273
8.677000,0.013815427,0.000060168
8.679000,0.016579937,0.000056115
8.681000,0.016861465,0.000075809
8.683000,0.015148120,0.000068132
8.685000,0.015008244,0.000049906
8.687000,0.014786374,0.000023782
8.689000,0.015372826,0.000024621
8.691000,0.015772056,0.000087567
8.693000,0.016425094,0.000156593
8.695000,0.008193293,0.000165744
8.697000,0.002313762,0.000088590
8.699000,0.002955324,0.000193549
8.701000,0.001945280,0.000415667
8.703000,0.005510704,0.000518045
8.705000,0.007196453,0.000454566
8.707000,0.004818080,0.000279838
8.709000,0.001121299,0.000089903
8.711000,0.000663523,0.000328325
8.713000,0.002037263,0.000542734
8.715000,0.002498088,0.000551415
8.717000,0.001337124,0.000401247
8.719000,0.002280118,0.000213765
8.721000,0.002774422,0.000076448
8.723000,0.002607559,0.000234753
8.725000,0.002681849,0.000311080
8.727000,0.003571324,0.000220903
8.729000,0.003601071,0.000108089
8.731000,0.003816616,0.000157882
8.733000,0.003500568,0.000202478
8.735000,0.004088309,0.000244985
8.737000,0.003901460,0.000198360
8.739000,0.003103440,0.000160915
8.741000,0.005930753,0.000418793
8.743000,0.006675967,0.000486869
8.745000,0.013668741,0.000327127
8.747000,0.015461085,0.000137162
8.749000,0.014677921,0.000047171
8.751000,0.011862982,0.000093233
8.753000,0.007891975,0.000201285
8.755000,0.011166268,0.000267423
8.757000,0.014923082,0.000303687
8.759000,0.015939784,0.000308618
8.761000,0.015657693,0.000276681
8.763000,0.015199450,0.000221021
8.765000,0.014000376,0.000148945
8.767000,0.012615438,0.000087387
8.769000,0.012239206,0.000043279
8.771000,0.014193955,0.000012984
8.773000,0.015005342,0.000026938
8.775000,0.014671043,0.000056838
8.777000,0.015178190,0.000068315
8.779000,0.016642703,0.000032923
8.781000,0.016017292,0.000085164
8.783000,0.014877802,0.000152256
8.785000,0.015059889,0.000098187
8.787000,0.015462097,0.000207305
8.789000,0.015265134,0.000534595
8.791000,0.015794748,0.000758653
8.793000,0.010245434,0.000728126
8.795000,0.003483323,0.000484031
8.797000,0.002096528,0.000302042
8.799000,0.000694233,0.000411276
8.801000,0.003657833,0.000462542
8.803000,0.006484048,0.000346921
8.805000,0.004408727,0.000211785
8.807000,0.001043466,0.000207471
8.809000,0.001360847,0.000180095
8.811000,0.001359351,0.000093128
8.813000,0.002482060,0.000019493
8.815000,0.001731963,0.000022808
8.817000,0.002271001,0.000022240
8.819000,0.003170011,0.000016799
8.821000,0.002401058,0.000028874
8.823000,0.001534730,0.000048328
8.825000,0.001936864,0.000075626
8.827000,0.002910639,0.000104780
8.829000,0.003006480,0.000139732
8.831000,0.003260072,0.000129415
8.833000,0.003026979,0.000090387
8.835000,0.003253304,0.000373542
8.837000,0.003184701,0.000754204
8.839000,0.002568267,0.001058866
8.841000,0.002427644,0.001117517
8.843000,0.009321019,0.000911223
8.845000,0.011516122,0.000560607
8.847000,0.012412516,0.000205216
8.849000,0.010674970,0.000173457
8.851000,0.008491000,0.000243584
8.853000,0.011008053,0.000192345
8.855000,0.012766889,0.000101376
8.857000,0.015189806,0.000038781
8.859000,0.015866885,0.000022667
8.861000,0.014432125,0.000022998
8.863000,0.014769490,0.000044033
8.865000,0.014146128,0.000067742
8.867000,0.013378440,0.000100306
8.869000,0.014832243,0.000124638
8.871000,0.015052879,0.000135813
8.873000,0.015741758,0.000149667
8.875000,0.015795875,0.000149553
8.877000,0.015561034,0.000146047
8.879000,0.014450560,0.000154120
8.881000,0.013866734,0.000173357
8.883000,0.014185069,0.000223278
8.885000,0.014731273,0.000345045
8.887000,0.014063792,0.000567882
8.889000,0.015519073,0.000791421
8.891000,0.010767609,0.000866772
8.893000,0.003038487,0.000805711
8.895000,0.001346979,0.000671058
8.897000,0.000583522,0.000470894
8.899000,0.004021527,0.000356950
8.901000,0.007400893,0.000452675
8.903000,0.005723091,0.000590716
8.905000,0.002279017,0.000607901
8.907000,0.001480571,0.000516729
8.909000,0.001423328,0.000398675
8.911000,0.002377655,0.000244457
8.913000,0.002434758,0.000193742
8.915000,0.002307439,0.000207668
8.917000,0.002612785,0.000155339
8.919000,0.002212879,0.000091677
8.921000,0.000964793,0.000055312
8.923000,0.001941384,0.000065711
8.925000,0.003015255,0.000112728
8.927000,0.002768941,0.000127424
8.929000,0.003295684,0.000114564
8.931000,0.003425197,0.000168908
8.933000,0.003483662,0.000189061
8.935000,0.003354014,0.000222950
8.937000,0.004178834,0.000519021
8.939000,0.005413668,0.000697801
8.941000,0.011681073,0.000532273
8.943000,0.015944734,0.000341607
8.945000,0.016135836,0.000561935
8.947000,0.014578870,0.000637030
8.949000,0.010042898,0.000466036
8.951000,0.012022362,0.000241509
8.953000,0.015087075,0.000257780
8.955000,0.016531608,0.000318674
8.957000,0.016147250,0.000316100
8.959000,0.014300331,0.000335781
8.961000,0.014448778,0.000305333
8.963000,0.014572169,0.000188665
8.965000,0.013945873,0.000089229
8.967000,0.014932499,0.000047608
8.969000,0.015773123,0.000050127
8.971000,0.015222336,0.000179771
8.973000,0.015754750,0.000326399
8.975000,0.016332284,0.000431151
8.977000,0.015614423,0.000491070
8.979000,0.015871137,0.000526894
8.981000,0.015507421,0.000555678
8.983000,0.015630487,0.000575295
8.985000,0.016608914,0.000584082
8.987000,0.016840123,0.000587456
8.989000,0.012612818,0.000586194
8.991000,0.004518218,0.000576722
8.993000,0.002204909,0.000546443
8.995000,0.001181369,0.000482597
8.997000,0.004017743,0.000386010
8.999000,0.007412699,0.000272093
9.001000,0.005917855,0.000162163
9.003000,0.002210863,0.000074259
9.005000,0.000394984,0.000023144
9.007000,0.000701610,0.000005326
9.009000,0.001525163,0.000011414
9.011000,0.001850923,0.000027898
9.013000,0.001986363,0.000044661
9.015000,0.002252611,0.000042397
9.017000,0.001481657,0.000021367
9.019000,0.001600022,0.000038164
9.021000,0.001855938,0.000117622
9.023000,0.001774991,0.000206243
9.025000,0.002992927,0.000288957
9.027000,0.003831186,0.000354767
9.029000,0.003640104,0.000407544
9.031000,0.002567009,0.000482865
9.033000,0.001247357,0.000589368
9.035000,0.003999747,0.000685625
9.037000,0.005730887,0.000698495
9.039000,0.010041844,0.000588324
9.041000,0.015824588,0.000422933
9.043000,0.015996343,0.000358068
9.045000,0.014805879,0.000433974
9.047000,0.011846046,0.000483855
9.049000,0.011669388,0.000429906
9.051000,0.014264736,0.000344686
9.053000,0.017012282,0.000349683
9.055000,0.016521498,0.000372763
9.057000,0.014856467,0.000291084
9.059000,0.015111526,0.000106002
9.061000,0.015381695,0.000183052
9.063000,0.015252266,0.000388855
9.065000,0.014959854,0.000569275
9.067000,0.014377387,0.000663729
9.069000,0.015143007,0.000607191
9.071000,0.014729152,0.000400308
9.073000,0.014086673,0.000157835
9.075000,0.013483098,0.000187915
9.077000,0.013694727,0.000338904
9.079000,0.016086134,0.000411411
9.081000,0.015923915,0.000385949
9.083000,0.014906113,0.000296600
9.085000,0.014890534,0.000185350
9.087000,0.011906272,0.000087743
9.089000,0.003786703,0.000026256
9.091000,0.001743928,0.000010836
9.093000,0.001153535,0.000015917
9.095000,0.003850247,0.000017436
9.097000,0.007504520,0.000057399
9.099000,0.006039381,0.000094062
9.101000,0.003153265,0.000086843
9.103000,0.002969856,0.000109755
9.105000,0.003876127,0.000224801
9.107000,0.004308493,0.000289984
9.109000,0.002774671,0.000224008
9.111000,0.003266600,0.000072721
9.113000,0.003214512,0.000189835
9.115000,0.002391599,0.000304745
9.117000,0.002075066,0.000308838
9.119000,0.001362946,0.000248694
9.121000,0.001140845,0.000177891
9.123000,0.001156342,0.000114432
9.125000,0.002031086,0.000111175
9.127000,0.003450749,0.000237892
9.129000,0.003364697,0.000360454
9.131000,0.002458285,0.000426692
9.133000,0.004054878,0.000511905
9.135000,0.005938466,0.000536025
9.137000,0.008259855,0.000377684
9.139000,0.014545385,0.000129650
9.141000,0.016496522,0.000100427
9.143000,0.015622578,0.000179736
9.145000,0.010452236,0.000162218
9.147000,0.009201766,0.000091498
9.149000,0.013326895,0.000127192
9.151000,0.016804810,0.000142188
9.153000,0.016883986,0.000096039
9.155000,0.015209207,0.000075204
9.157000,0.014676956,0.000085572
9.159000,0.014624682,0.000080362
9.161000,0.013768616,0.000079057
9.163000,0.015070010,0.000083165
9.165000,0.015312186,0.000079758
9.167000,0.016542679,0.000072780
9.169000,0.016907009,0.000063383
9.171000,0.015677324,0.000048685
9.173000,0.014253856,0.000034745
9.175000,0.014250454,0.000024230
9.177000,0.014799115,0.000015386
9.179000,0.015282785,0.000008939
9.181000,0.016435380,0.000004606
9.183000,0.016309192,0.000003080
9.185000,0.015326519,0.000002424
9.187000,0.007479739,0.000002001
9.189000,0.003577516,0.000002955
9.191000,0.001769126,0.000001700
9.193000,0.002343996,0.000001704
9.195000,0.006115893,0.000001414
9.197000,0.006329809,0.000001669
9.199000,0.002458343,0.000001962
9.201000,0.000566833,0.000003740
9.203000,0.001415051,0.000005536
9.205000,0.002729432,0.000008407
9.207000,0.003070589,0.000007190
9.209000,0.002167817,0.000013397
9.211000,0.002751524,0.000007617
9.213000,0.002060685,0.000012071
9.215000,0.001445497,0.000006375
9.217000,0.001565538,0.000003622
9.219000,0.002430298,0.000005768
9.221000,0.002721370,0.000014696
9.223000,0.003343017,0.000016374
9.225000,0.003446007,0.000056919
9.227000,0.002399279,0.000165481
9.229000,0.002012736,0.000314355
9.231000,0.002050945,0.000472370
9.233000,0.002244409,0.000572896
9.235000,0.002083218,0.000544533
9.237000,0.001995018,0.000386977
9.239000,0.001862532,0.000195381
9.241000,0.001676902,0.000189013
9.243000,0.000643240,0.000315938
9.245000,0.000623447,0.000389486
9.247000,0.000597377,0.000404178
9.249000,0.000628703,0.000392089
9.251000,0.000516498,0.000344336
9.253000,0.000399609,0.000229249
9.255000,0.000428132,0.000126178
9.257000,0.000536552,0.000229556
9.259000,0.000754740,0.000283065
9.261000,0.001005596,0.000247861
9.263000,0.000779753,0.000276581
9.265000,0.000893591,0.000306661
9.267000,0.000958788,0.000216266
9.269000,0.000449564,0.000067092
9.271000,0.000442455,0.000134381
9.273000,0.000222083,0.000203630
9.275000,0.000208471,0.000198492
9.277000,0.000619548,0.000186009
9.279000,0.000473479,0.000276605
9.281000,0.000521291,0.000369874
9.283000,0.000380749,0.000364646
9.285000,0.000680053,0.000330908
9.287000,0.000295520,0.000361260
9.289000,0.000317375,0.000334357
9.291000,0.000701326,0.000203713
9.293000,0.000899427,0.000077144
9.295000,0.001103326,0.000061335
9.297000,0.000485175,0.000125077
9.299000,0.000450928,0.000168783
9.301000,0.000380234,0.000167262
9.303000,0.000369420,0.000162234
9.305000,0.000464580,0.000175693
9.307000,0.000366825,0.000183715
9.309000,0.000460472,0.000171498
9.311000,0.000204915,0.000139865
9.313000,0.001055618,0.000103869
9.315000,0.001197643,0.000114973
9.317000,0.001063312,0.000183690
9.319000,0.000741108,0.000242196
9.321000,0.000857021,0.000250336
9.323000,0.000743075,0.000219538
9.325000,0.000412715,0.000202101
9.327000,0.000373870,0.000205264
9.329000,0.000114648,0.000195725
9.331000,0.000288381,0.000182438
9.333000,0.000303119,0.000225581
9.335000,0.000184502,0.000274375
9.337000,0.000346889,0.000242239
9.339000,0.000253901,0.000135686
9.341000,0.000317824,0.000097784
9.343000,0.000169793,0.000173585
9.345000,0.000190745,0.000194068
9.347000,0.000304210,0.000197113
9.349000,0.000487594,0.000209592
9.351000,0.000514636,0.000181497
9.353000,0.000671047,0.000181969
9.355000,0.000464805,0.000280902
9.357000,0.000129900,0.000408791
9.359000,0.000720653,0.000464080
9.361000,0.000908994,0.000375532
9.363000,0.000368015,0.000189399
9.365000,0.000466415,0.000099445
9.367000,0.000257059,0.000197274
9.369000,0.000236501,0.000220483
9.371000,0.000344807,0.000144606
9.373000,0.000298780,0.000325707
9.375000,0.000457497,0.000521654
9.377000,0.000393643,0.000475372
9.379000,0.000500723,0.000275658
9.381000,0.000382519,0.000233386
9.383000,0.000599610,0.000253701
9.385000,0.000355006,0.000205474
9.387000,0.000218419,0.000193506
9.389000,0.000312157,0.000223761
9.391000,0.000298358,0.000226750
9.393000,0.000197431,0.000195445
9.395000,0.000291392,0.000170182
9.397000,0.000205310,0.000148372
9.399000,0.000284703,0.000128801
9.401000,0.000284285,0.000127358
9.403000,0.000206737,0.000120688
9.405000,0.000292834,0.000116042
9.407000,0.000514133,0.000132258
9.409000,0.000239879,0.000135804
9.411000,0.000225029,0.000138179
9.413000,0.000195765,0.000154229
9.415000,0.000338164,0.000143946
9.417000,0.000858958,0.000161870
9.419000,0.000556158,0.000184361
9.421000,0.000789424,0.000151859
9.423000,0.000422518,0.000072231
9.425000,0.000232585,0.000051809
9.427000,0.000269905,0.000153940
9.429000,0.000595239,0.000302594
9.431000,0.000441180,0.000393570
9.433000,0.000362073,0.000321583
9.435000,0.000184222,0.000303768
9.437000,0.000592755,0.000506992
9.439000,0.000540864,0.000547914
9.441000,0.000760941,0.000328107
9.443000,0.000782881,0.000088031
9.445000,0.000161470,0.000205245
9.447000,0.000290916,0.000176683
9.449000,0.000146116,0.000072859
9.451000,0.000201605,0.000138888
9.453000,0.000368853,0.000146162
9.455000,0.000262244,0.000061431
9.457000,0.000540094,0.000108966
9.459000,0.000251074,0.000123671
9.461000,0.000506931,0.000048599
9.463000,0.000480457,0.000126569
9.465000,0.000361501,0.000201316
9.467000,0.000338300,0.000129209
9.469000,0.000331280,0.000159196
9.471000,0.000388758,0.000349857
9.473000,0.000479411,0.000425716
9.475000,0.000374407,0.000383833
9.477000,0.000400745,0.000319499
9.479000,0.000281445,0.000241399
9.481000,0.000634981,0.000168587
9.483000,0.000432367,0.000303998
9.485000,0.000565962,0.000400678
9.487000,0.000525384,0.000302214
9.489000,0.000446562,0.000095823
9.491000,0.000340622,0.000181647
9.493000,0.000289020,0.000218577
9.495000,0.000459294,0.000161831
9.497000,0.000478978,0.000153583
9.499000,0.000337116,0.000162873
9.501000,0.000346317,0.000162773
9.503000,0.000326308,0.000123180
9.505000,0.000436668,0.000069943
9.507000,0.000431016,0.000085034
9.509000,0.000225147,0.000159032
9.511000,0.000363920,0.000247703
9.513000,0.000319677,0.000323907
9.515000,0.000472891,0.000390876
9.517000,0.000237278,0.000442161
9.519000,0.000233971,0.000484748
9.521000,0.000239514,0.000514257
9.523000,0.000176479,0.000483523
9.525000,0.000382706,0.000375941
9.527000,0.000654868,0.000243908
9.529000,0.000489600,0.000189841
9.531000,0.000404467,0.000204720
9.533000,0.000199446,0.000175130
9.535000,0.000321784,0.000113318
9.537000,0.000312668,0.000050657
9.539000,0.000279973,0.000102579
9.541000,0.000383008,0.000217045
9.543000,0.000298589,0.000313375
9.545000,0.000510124,0.000401863
9.547000,0.000538953,0.000470231
9.549000,0.000442582,0.000475795
9.551000,0.000394037,0.000401321
9.553000,0.000416461,0.000235033
9.555000,0.000364965,0.000093318
9.557000,0.000334557,0.000312360
9.559000,0.000144312,0.000475954
9.561000,0.000319359,0.000515740
9.563000,0.000250285,0.000459946
9.565000,0.000380433,0.000341050
9.567000,0.000294758,0.000183805
9.569000,0.000118784,0.000137776
9.571000,0.000151714,0.000238638
9.573000,0.000687332,0.000275219
9.575000,0.000764300,0.000229495
9.577000,0.000468804,0.000156572
9.579000,0.000318807,0.000130830
9.581000,0.000304627,0.000121909
9.583000,0.000314002,0.000116016
9.585000,0.000390937,0.000095768
9.587000,0.000506151,0.000080613
9.589000,0.000433057,0.000125278
9.591000,0.000289982,0.000097913
9.593000,0.000543903,0.000052615
9.595000,0.000419505,0.000136469
9.597000,0.000447226,0.000123399
9.599000,0.000513801,0.000059475
9.601000,0.000445189,0.000102841
9.603000,0.000511033,0.000102877
9.605000,0.000440373,0.000072621
9.607000,0.000686954,0.000098361
9.609000,0.000197282,0.000091235
9.611000,0.000352537,0.000046313
9.613000,0.000659406,0.000034333
9.615000,0.000469601,0.000049819
9.617000,0.000597129,0.000139826
9.619000,0.000234481,0.000178309
9.621000,0.000196018,0.000204926
9.623000,0.000364916,0.000265749
9.625000,0.000271018,0.000246293
9.627000,0.000654512,0.000173220
9.629000,0.000383216,0.000196988
9.631000,0.000291901,0.000185410
9.633000,0.000292881,0.000091869
9.635000,0.000275890,0.000022975
9.637000,0.000266565,0.000058471
9.639000,0.000173250,0.000082485
9.641000,0.000433718,0.000083577
9.643000,0.000629557,0.000073441
9.645000,0.000228416,0.000095446
9.647000,0.000179333,0.000124322
9.649000,0.000370378,0.000128973
9.651000,0.000241210,0.000114079
9.653000,0.000380245,0.000133300
9.655000,0.000546247,0.000235364
9.657000,0.000223266,0.000283984
9.659000,0.000158793,0.000212967
9.661000,0.000459271,0.000105524
9.663000,0.000430329,0.000073388
9.665000,0.000296548,0.000178481
9.667000,0.000142062,0.000286385
9.669000,0.000415251,0.000281295
9.671000,0.000540566,0.000210898
9.673000,0.000320436,0.000163125
9.675000,0.000282504,0.000166425
9.677000,0.000243419,0.000203656
9.679000,0.000569717,0.000195489
9.681000,0.000541519,0.000137713
9.683000,0.000816087,0.000073535
9.685000,0.000275100,0.000124985
9.687000,0.000211335,0.000177332
9.689000,0.000336170,0.000276220
9.691000,0.000172687,0.000346414
9.693000,0.000450292,0.000327855
9.695000,0.000390069,0.000369490
9.697000,0.000730303,0.000458936
9.699000,0.000333402,0.000430244
9.701000,0.000240273,0.000286213
9.703000,0.000162407,0.000121648
9.705000,0.000080348,0.000065630
9.707000,0.000194290,0.000147288
9.709000,0.000261135,0.000203435
9.711000,0.000323088,0.000215370
9.713000,0.000314747,0.000198075
9.715000,0.000240704,0.000190301
9.717000,0.000205734,0.000200205
9.719000,0.000205418,0.000195759
9.721000,0.000185324,0.000179019
9.723000,0.000233153,0.000192914
9.725000,0.000375154,0.000229338
9.727000,0.000118140,0.000247559
9.729000,0.000360572,0.000228747
9.731000,0.000290260,0.000202053
9.733000,0.000220479,0.000203717
9.735000,0.000374478,0.000219141
9.737000,0.000223687,0.000193965
9.739000,0.000449009,0.000167886
9.741000,0.000458938,0.000226106
9.743000,0.000405192,0.000269781
9.745000,0.000306989,0.000223188
9.747000,0.000621593,0.000134018
9.749000,0.000312649,0.000101506
9.751000,0.000302828,0.000197745
9.753000,0.000249632,0.000254168
9.755000,0.000323036,0.000217143
9.757000,0.000786828,0.000172498
9.759000,0.000279454,0.000134906
9.761000,0.000232623,0.000131092
9.763000,0.000235855,0.000169511
9.765000,0.000444466,0.000156917
9.767000,0.000389861,0.000212391
9.769000,0.000337619,0.000234972
9.771000,0.000225581,0.000134990
9.773000,0.000282595,0.000138498
9.775000,0.000606956,0.000270802
9.777000,0.000346499,0.000310325
9.779000,0.000193714,0.000209193
9.781000,0.000428361,0.000069179
9.783000,0.000586044,0.000210610
9.785000,0.000260788,0.000253017
9.787000,0.000660780,0.000171830
9.789000,0.000697251,0.000286003
9.791000,0.000311806,0.000463680
9.793000,0.000634533,0.000447573
9.795000,0.000601211,0.000223303
9.797000,0.000370960,0.000230627
9.799000,0.000513008,0.000418631
9.801000,0.000225084,0.000364535
9.803000,0.000368443,0.000161661
9.805000,0.000266866,0.000038204
9.807000,0.000474940,0.000048349
9.809000,0.000347296,0.000041395
9.811000,0.000182343,0.000035302
9.813000,0.000594314,0.000022673
9.815000,0.000863174,0.000019146
9.817000,0.000363873,0.000023994
9.819000,0.000411809,0.000047197
9.821000,0.000812507,0.000022476
9.823000,0.000869372,0.000076109
9.825000,0.000289209,0.000126939
9.827000,0.000278835,0.000138143
9.829000,0.000654409,0.000184960
9.831000,0.000550348,0.000225076
9.833000,0.000376984,0.000204903
9.835000,0.000252692,0.000151856
9.837000,0.000305499,0.000123708
9.839000,0.000226972,0.000176805
9.841000,0.000142335,0.000218463
9.843000,0.000218380,0.000188354
9.845000,0.000157545,0.000238091
9.847000,0.000123946,0.000377465
9.849000,0.000471373,0.000391474
9.851000,0.000528534,0.000239072
9.853000,0.000288122,0.000059475
9.855000,0.000237823,0.000044349
9.857000,0.000282966,0.000083803
9.859000,0.000274980,0.000141546
9.861000,0.000508809,0.000174246
9.863000,0.000452501,0.000181403
9.865000,0.000396275,0.000158082
9.867000,0.000210943,0.000100730
9.869000,0.000356022,0.000071930
9.871000,0.000743577,0.000098153
9.873000,0.000594895,0.000137875
9.875000,0.000451704,0.000211982
9.877000,0.000824535,0.000339174
9.879000,0.000675059,0.000484615
9.881000,0.000491662,0.000564953
9.883000,0.000126102,0.000507959
9.885000,0.000346483,0.000326509
9.887000,0.000864820,0.000180582
9.889000,0.000596283,0.000286282
9.891000,0.000163516,0.000398858
9.893000,0.000305485,0.000450789
9.895000,0.000218532,0.000483246
9.897000,0.000342114,0.000502599
9.899000,0.000331023,0.000464722
9.901000,0.000221777,0.000350409
9.903000,0.000577314,0.000182479
9.905000,0.000501284,0.000158781
9.907000,0.000432559,0.000284014
9.909000,0.000668007,0.000305970
9.911000,0.000316101,0.000181506
9.913000,0.000233091,0.000120680
9.915000,0.000669172,0.000362515
9.917000,0.000509345,0.000495130
9.919000,0.000425600,0.000428416
9.921000,0.000296208,0.000220462
9.923000,0.000231106,0.000053307
9.925000,0.000385281,0.000087106
9.927000,0.000538304,0.000101016
9.929000,0.000426150,0.000289616
9.931000,0.000724382,0.000425520
9.933000,0.000336584,0.000400854
9.935000,0.000353561,0.000278788
9.937000,0.000296502,0.000223053
9.939000,0.000446284,0.000228046
9.941000,0.000343924,0.000210697
9.943000,0.000162279,0.000213849
9.945000,0.000510383,0.000240674
9.947000,0.000543725,0.000263303
9.949000,0.000320740,0.000283530
9.951000,0.000597766,0.000247282
9.953000,0.000453086,0.000148282
9.955000,0.000158993,0.000200559
9.957000,0.000400313,0.000316143
9.959000,0.000508045,0.000274831
9.961000,0.000283440,0.000103977
9.963000,0.000469702,0.000203484
9.965000,0.000372424,0.000291801
9.967000,0.000157911,0.000232779
9.969000,0.000313193,0.000093814
9.971000,0.000197072,0.000177185
9.973000,0.000512563,0.000290798
9.975000,0.000497550,0.000233719
9.977000,0.000503004,0.000082254
9.979000,0.000320326,0.000119748
9.981000,0.000272194,0.000133794
9.983000,0.000806155,0.000098199
9.985000,0.000503765,0.000104684
9.987000,0.000672139,0.000131345
9.989000,0.000972705,0.000142778
9.991000,0.000627964,0.000147489
9.993000,0.000429999,0.000114694
9.995000,0.000387251,0.000077816
9.997000,0.000127043,0.000096439
9.999000,0.000172898,0.000102895
10.001000,0.000127433,0.000192627
10.003000,0.000145705,0.000265397
10.005000,0.000180221,0.000225068
10.007000,0.000225968,0.000130306
10.009000,0.000185095,0.000078800
10.011000,0.000319461,0.000057306
10.013000,0.000324724,0.000164579
10.015000,0.000480010,0.000198334
10.017000,0.000300552,0.000098294
10.019000,0.000090414,0.000135900
10.021000,0.000131785,0.000278867
10.023000,0.000463923,0.000305958
10.025000,0.000805034,0.000249986
10.027000,0.000580655,0.000149647
10.029000,0.000170677,0.000047459
10.031000,0.000208950,0.000054706
10.033000,0.000245963,0.000155808
10.035000,0.000454569,0.000226134
10.037000,0.000602926,0.000225727
10.039000,0.000271323,0.000191884
10.041000,0.000538622,0.000187403
10.043000,0.000464336,0.000190498
10.045000,0.000439408,0.000146851
10.047000,0.000720907,0.000078428
10.049000,0.000373296,0.000067627
10.051000,0.000417551,0.000097276
10.053000,0.000343740,0.000090722
10.055000,0.000245023,0.000089908
10.057000,0.000654438,0.000089353
10.059000,0.000308674,0.000095832
10.061000,0.000604786,0.000079464
10.063000,0.000521871,0.000077773
10.065000,0.000351327,0.000074127
10.067000,0.000302083,0.000044717
10.069000,0.000322591,0.000035228
10.071000,0.000273673,0.000028831
10.073000,0.000315301,0.000014028
10.075000,0.000267363,0.000009143
10.077000,0.000320877,0.000020136
10.079000,0.000324419,0.000042169
10.081000,0.000534764,0.000080264
10.083000,0.000446398,0.000130264
10.085000,0.000424433,0.000178372
10.087000,0.000396058,0.000213685
10.089000,0.000542663,0.000233713
10.091000,0.000383194,0.000244558
10.093000,0.000544237,0.000250084
10.095000,0.000635916,0.000250250
10.097000,0.000533361,0.000240209
10.099000,0.000546112,0.000217511
10.101000,0.000573508,0.000194156
10.103000,0.000473737,0.000192150
10.105000,0.000659221,0.000214801
10.107000,0.000268182,0.000228347
10.109000,0.000445727,0.000227568
10.111000,0.000225930,0.000205218
10.113000,0.000159049,0.000159919
10.115000,0.000371435,0.000154940
10.117000,0.000505160,0.000166987
10.119000,0.000398836,0.000178498
10.121000,0.000565642,0.000140227
10.123000,0.000389714,0.000143084
10.125000,0.000316026,0.000245626
10.127000,0.000326752,0.000218552
10.129000,0.000109766,0.000089635
10.131000,0.000260483,0.000225228
10.133000,0.000669846,0.000277527
10.135000,0.000510815,0.000205989
10.137000,0.000388680,0.000178771
10.139000,0.000520967,0.000222299
10.141000,0.000289720,0.000324740
10.143000,0.000328928,0.000411553
10.145000,0.000420582,0.000376791
10.147000,0.000227696,0.000263424
10.149000,0.000248497,0.000174616
10.151000,0.000134867,0.000130773
10.153000,0.000208607,0.000088038
10.155000,0.000359314,0.000035836
10.157000,0.000766641,0.000027717
10.159000,0.000643247,0.000049392
10.161000,0.000293835,0.000025732
10.163000,0.000410539,0.000011867
10.165000,0.000526923,0.000048382
10.167000,0.000130319,0.000081516
10.169000,0.000416027,0.000090821
10.171000,0.000613625,0.000152812
10.173000,0.000284476,0.000236189
10.175000,0.000202514,0.000243270
10.177000,0.000472418,0.000168851
10.179000,0.000436559,0.000146875
10.181000,0.000343919,0.000242293
10.183000,0.000228863,0.000288137
10.185000,0.000346473,0.000213561
10.187000,0.000361526,0.000166075
10.189000,0.000313943,0.000310499
10.191000,0.000470400,0.000423853
10.193000,0.000298338,0.000435229
10.195000,0.000469234,0.000409051
10.197000,0.000446590,0.000389270
10.199000,0.000846743,0.000335326
10.201000,0.000327806,0.000242623
10.203000,0.000231615,0.000142165
10.205000,0.000196887,0.000056487
10.207000,0.000593043,0.000112444
10.209000,0.000674767,0.000194227
10.211000,0.000637237,0.000207496
10.213000,0.000588079,0.000141134
10.215000,0.000393881,0.000094369
10.217000,0.000254933,0.000160704
10.219000,0.000463155,0.000187229
10.221000,0.000535378,0.000190169
10.223000,0.000386232,0.000192885
10.225000,0.000324482,0.000200714
10.227000,0.000177490,0.000243314
10.229000,0.000735559,0.000251722
10.231000,0.000551736,0.000164478
10.233000,0.000383519,0.000122125
10.235000,0.000194592,0.000364150
10.237000,0.000166433,0.000499170
10.239000,0.000304555,0.000370989
10.241000,0.000611090,0.000136436
10.243000,0.000430387,0.000161638
10.245000,0.000444181,0.000087305
10.247000,0.000597502,0.000211820
10.249000,0.000295597,0.000294970
10.251000,0.000295650,0.000215953
10.253000,0.000243136,0.000224962
10.255000,0.000254329,0.000325438
10.257000,0.000269805,0.000355136
10.259000,0.000371491,0.000323713
10.261000,0.000450955,0.000272173
10.263000,0.000305174,0.000232653
10.265000,0.000584350,0.000229106
10.267000,0.000778811,0.000267458
10.269000,0.000528688,0.000313837
10.271000,0.000404855,0.000311390
10.273000,0.000533321,0.000244495
10.275000,0.000356554,0.000190008
10.277000,0.000569563,0.000203047
10.279000,0.000613355,0.000294463
10.281000,0.000702385,0.000415739
10.283000,0.000663813,0.000433450
10.285000,0.000241555,0.000357500
10.287000,0.000094541,0.000320974
10.289000,0.000345527,0.000314767
10.291000,0.000596727,0.000211860
10.293000,0.000357378,0.000067955
10.295000,0.000473787,0.000205756
10.297000,0.000319382,0.000255366
10.299000,0.000195280,0.000178212
10.301000,0.000591941,0.000088488
10.303000,0.000343919,0.000095728
10.305000,0.000420427,0.000155658
10.307000,0.000132087,0.000197754
10.309000,0.000205765,0.000199361
10.311000,0.000500620,0.000174016
10.313000,0.000438131,0.000137819
10.315000,0.000577729,0.000102468
10.317000,0.000440532,0.000099256
10.319000,0.000608474,0.000142768
10.321000,0.000665864,0.000207695
10.323000,0.000781033,0.000230389
10.325000,0.000337364,0.000146565
10.327000,0.000702436,0.000072461
10.329000,0.000407618,0.000182361
10.331000,0.000340767,0.000156254
10.333000,0.000536857,0.000050235
10.335000,0.000662872,0.000125359
10.337000,0.000786087,0.000092671
10.339000,0.001042602,0.000120998
10.341000,0.000451831,0.000263256
10.343000,0.000458239,0.000244254
10.345000,0.000313225,0.000129220
10.347000,0.000192230,0.000261293
10.349000,0.000521312,0.000422840
10.351000,0.000829744,0.000492034
10.353000,0.000826625,0.000493776
10.355000,0.000411353,0.000435997
10.357000,0.000542070,0.000307833
10.359000,0.000758441,0.000203128
10.361000,0.000415982,0.000185116
10.363000,0.000288753,0.000129813
10.365000,0.000504712,0.000118530
10.367000,0.000430505,0.000209364
10.369000,0.000201638,0.000237320
10.371000,0.000896704,0.000194245
10.373000,0.000743573,0.000168843
10.375000,0.000436434,0.000205408
10.377000,0.000205110,0.000222382
10.379000,0.000593495,0.000146383
10.381000,0.000494235,0.000077678
10.383000,0.000418773,0.000188626
10.385000,0.000747312,0.000223898
10.387000,0.000665763,0.000245546
10.389000,0.000483986,0.000265209
10.391000,0.000858934,0.000244080
10.393000,0.000795589,0.000247660
10.395000,0.000363541,0.000301667
10.397000,0.000607222,0.000331172
10.399000,0.000501702,0.000269821
10.401000,0.000387412,0.000190334
10.403000,0.000254986,0.000203720
10.405000,0.000352069,0.000161397
10.407000,0.000331257,0.000169272
10.409000,0.000283232,0.000201714
10.411000,0.000347231,0.000139900
10.413000,0.000513738,0.000052074
10.415000,0.000685591,0.000064694
10.417000,0.000316725,0.000083951
10.419000,0.000389374,0.000138037
10.421000,0.000320739,0.000235419
10.423000,0.000359362,0.000307554
10.425000,0.000326545,0.000300266
10.427000,0.000460196,0.000241036
10.429000,0.000658417,0.000235289
10.431000,0.000446408,0.000288412
10.433000,0.000639435,0.000300951
10.435000,0.000627092,0.000246546
10.437000,0.000359301,0.000152923
10.439000,0.000132379,0.000120071
10.441000,0.000425273,0.000235841
10.443000,0.000426722,0.000359785
10.445000,0.000436727,0.000418242
10.447000,0.000391001,0.000382182
10.449000,0.000535838,0.000255572
10.451000,0.000478637,0.000087592
10.453000,0.000249751,0.000102147
10.455000,0.000339605,0.000157361
10.457000,0.000360988,0.000158231
10.459000,0.000186258,0.000197279
10.461000,0.000323460,0.000216680
10.463000,0.000211896,0.000169961
10.465000,0.000312440,0.000164152
10.467000,0.000864094,0.000182254
10.469000,0.000549264,0.000147547
10.471000,0.000129831,0.000281783
10.473000,0.000387379,0.000378016
10.475000,0.000564314,0.000301805
10.477000,0.000474110,0.000158344
10.479000,0.000647227,0.000110888
10.481000,0.000205728,0.000171063
10.483000,0.000158045,0.000198520
10.485000,0.000186365,0.000131436
10.487000,0.001020773,0.000123379
10.489000,0.001031983,0.000255621
10.491000,0.000283600,0.000289723
10.493000,0.000488458,0.000247378
10.495000,0.000402729,0.000238364
10.497000,0.000351162,0.000273375
10.499000,0.000651592,0.000354639
10.501000,0.000580031,0.000397121
10.503000,0.000187370,0.000329243
10.505000,0.000248083,0.000152293
10.507000,0.000612260,0.000162874
10.509000,0.000709195,0.000351966
10.511000,0.000679745,0.000422147
10.513000,0.000494451,0.000349725
10.515000,0.000434005,0.000200540
10.517000,0.000657913,0.000094123
10.519000,0.000361028,0.000077152
10.521000,0.000432869,0.000055251
10.523000,0.000448512,0.000045249
10.525000,0.000231422,0.000033885
10.527000,0.000314442,0.000053696
10.529000,0.000521206,0.000134636
10.531000,0.000354812,0.000252663
10.533000,0.000456180,0.000365607
10.535000,0.000752105,0.000374529
10.537000,0.000597093,0.000250300
10.539000,0.000272469,0.000148639
10.541000,0.000392456,0.000216480
10.543000,0.000510996,0.000240765
10.545000,0.000312142,0.000194733
10.547000,0.000298783,0.000170264
10.549000,0.000811302,0.000206183
10.551000,0.001026876,0.000216648
10.553000,0.000560546,0.000258210
10.555000,0.000301464,0.000277356
10.557000,0.000457499,0.000197443
10.559000,0.000431148,0.000085857
10.561000,0.000486479,0.000060634
10.563000,0.000905209,0.000033679
10.565000,0.001115156,0.000036546
10.567000,0.000542299,0.000039889
10.569000,0.000747888,0.000071856
10.571000,0.000692356,0.000131497
10.573000,0.000366423,0.000118568
10.575000,0.000216515,0.000119025
10.577000,0.000276958,0.000242787
10.579000,0.000490131,0.000367594
10.581000,0.000223875,0.000430247
10.583000,0.000391391,0.000416957
10.585000,0.000991475,0.000362526
10.587000,0.000765564,0.000309331
10.589000,0.000722149,0.000247569
10.591000,0.000555533,0.000162829
10.593000,0.000269272,0.000129069
10.595000,0.000213395,0.000176129
10.597000,0.000666268,0.000205718
10.599000,0.000463720,0.000190978
10.601000,0.000416035,0.000156315
10.603000,0.000190352,0.000140974
10.605000,0.000418910,0.000135719
10.607000,0.000226950,0.000126038
10.609000,0.000332557,0.000114984
10.611000,0.000696358,0.000113682
10.613000,0.000487768,0.000101829
10.615000,0.000549134,0.000106133
10.617000,0.000272059,0.000098003
10.619000,0.000534727,0.000069342
10.621000,0.000802229,0.000065268
10.623000,0.000590895,0.000047498
10.625000,0.000523138,0.000022385
10.627000,0.000667943,0.000021237
10.629000,0.000305917,0.000013815
10.631000,0.000606732,0.000016504
10.633000,0.000585619,0.000039998
10.635000,0.000274286,0.000084732
10.637000,0.000414824,0.000161778
10.639000,0.000493402,0.000231480
10.641000,0.000346672,0.000263043
10.643000,0.000561827,0.000255189
10.645000,0.000318518,0.000217846
10.647000,0.000125787,0.000154312
10.649000,0.000313945,0.000071876
10.651000,0.000612889,0.000036529
10.653000,0.000404284,0.000092412
10.655000,0.000364205,0.000160258
10.657000,0.000521377,0.000229150
10.659000,0.000791296,0.000296012
10.661000,0.000591958,0.000387707
10.663000,0.000459121,0.000496037
10.665000,0.000350526,0.000492905
10.667000,0.000387279,0.000281254
10.669000,0.000153125,0.000145313
10.671000,0.000416873,0.000310908
10.673000,0.000509173,0.000299767
10.675000,0.000293855,0.000206681
10.677000,0.000269388,0.000146328
10.679000,0.000467328,0.000077133
10.681000,0.000318399,0.000122010
10.683000,0.000541718,0.000260409
10.685000,0.000390034,0.000376460
10.687000,0.000182416,0.000392788
10.689000,0.000216794,0.000281783
10.691000,0.000347391,0.000161012
10.693000,0.000193001,0.000240287
10.695000,0.000281765,0.000281119
10.697000,0.000351812,0.000182758
10.699000,0.000323777,0.000150026
10.701000,0.000395457,0.000350719
10.703000,0.000193585,0.000494571
10.705000,0.000295131,0.000513571
10.707000,0.000426739,0.000429317
10.709000,0.000590394,0.000294568
10.711000,0.000437808,0.000199721
10.713000,0.000444502,0.000216960
10.715000,0.000365028,0.000225320
10.717000,0.000663099,0.000176315
10.719000,0.000152858,0.000146725
10.721000,0.000347412,0.000238183
10.723000,0.000421027,0.000330051
10.725000,0.000535792,0.000344131
10.727000,0.000262065,0.000276962
10.729000,0.000205712,0.000155222
10.731000,0.000275541,0.000133989
10.733000,0.000307109,0.000267311
10.735000,0.000122753,0.000374723
10.737000,0.000149578,0.000384873
10.739000,0.000281876,0.000273599
10.741000,0.000251411,0.000119731
10.743000,0.000232744,0.000251714
10.745000,0.000376377,0.000294590
10.747000,0.000125663,0.000206247
10.749000,0.000334211,0.000263691
10.751000,0.000434219,0.000275072
10.753000,0.000340116,0.000202310
10.755000,0.000185418,0.000227763
10.757000,0.000279689,0.000255940
10.759000,0.000405987,0.000218581
10.761000,0.000131037,0.000169483
10.763000,0.000300191,0.000082656
10.765000,0.001012722,0.000278852
10.767000,0.001644959,0.000581465
10.769000,0.000616063,0.000641259
10.771000,0.000346294,0.000404190
10.773000,0.000366992,0.000110778
10.775000,0.000438955,0.000184161
10.777000,0.000576714,0.000280642
10.779000,0.000280249,0.000305782
10.781000,0.000779873,0.000262872
10.783000,0.000468460,0.000160381
10.785000,0.000314572,0.000075906
10.787000,0.000241738,0.000185229
10.789000,0.000412453,0.000275246
10.791000,0.000696240,0.000220879
10.793000,0.000882649,0.000087918
10.795000,0.000909871,0.000307167
10.797000,0.000704971,0.000445113
10.799000,0.000916507,0.000352879
10.801000,0.000709234,0.000118174
10.803000,0.000566248,0.000294238
10.805000,0.000727864,0.000427565
10.807000,0.000612995,0.000316981
10.809000,0.001009744,0.000101704
10.811000,0.000447056,0.000108611
10.813000,0.000636202,0.000074542
10.815000,0.000363700,0.000115201
10.817000,0.000573352,0.000159612
10.819000,0.000636508,0.000128523
10.821000,0.000383560,0.000258531
10.823000,0.000484902,0.000355866
10.825000,0.000267023,0.000313578
10.827000,0.000365992,0.000248675
10.829000,0.000251901,0.000271201
10.831000,0.000571981,0.000279337
10.833000,0.000582043,0.000218935
10.835000,0.000272143,0.000124243
10.837000,0.000295176,0.000052106
10.839000,0.000480930,0.000030657
10.841000,0.000493217,0.000017969
10.843000,0.000482218,0.000006964
10.845000,0.000352174,0.000019793
10.847000,0.000355647,0.000038922
10.849000,0.000512447,0.000054372
10.851000,0.000381272,0.000053659
10.853000,0.000419614,0.000042197
10.855000,0.000226187,0.000084680
10.857000,0.000530845,0.000184397
10.859000,0.000658362,0.000304862
10.861000,0.000525800,0.000408380
10.863000,0.000612239,0.000474130
10.865000,0.000629859,0.000477276
10.867000,0.000692492,0.000393168
10.869000,0.000659887,0.000253575
10.871000,0.000441433,0.000103880
10.873000,0.000699339,0.000063839
10.875000,0.000478237,0.000092198
10.877000,0.000603304,0.000082590
10.879000,0.000390886,0.000157931
10.881000,0.000374490,0.000320811
10.883000,0.000420442,0.000469058
10.885000,0.000506859,0.000490109
10.887000,0.000521022,0.000351714
10.889000,0.000255632,0.000171627
10.891000,0.000416075,0.000123213
10.893000,0.000499462,0.000179333
10.895000,0.000674647,0.000255779
10.897000,0.000478318,0.000292716
10.899000,0.000294829,0.000273294
10.901000,0.000666173,0.000222251
10.903000,0.000589050,0.000153578
10.905000,0.000283964,0.000064031
10.907000,0.000327052,0.000061655
10.909000,0.000390458,0.000146999
10.911000,0.000278221,0.000209102
10.913000,0.000801847,0.000252057
10.915000,0.000640497,0.000286946
10.917000,0.000733586,0.000314721
10.919000,0.000540572,0.000307222
10.921000,0.000340472,0.000247661
10.923000,0.000275371,0.000142120
10.925000,0.000399533,0.000043341
10.927000,0.000419661,0.000062612
10.929000,0.000186590,0.000063162
10.931000,0.000423316,0.000052944
10.933000,0.000495002,0.000109264
10.935000,0.000660022,0.000259492
10.937000,0.000499983,0.000331337
10.939000,0.000345578,0.000261434
10.941000,0.000610680,0.000201987
10.943000,0.000191752,0.000266614
10.945000,0.000210320,0.000276458
10.947000,0.000526483,0.000142695
10.949000,0.000666190,0.000296568
10.951000,0.000971519,0.000757201
10.953000,0.002265575,0.000983168
10.955000,0.000833950,0.000738329
10.957000,0.000957750,0.000258395
10.959000,0.000314256,0.000196840
10.961000,0.000472106,0.000218202
10.963000,0.000382413,0.000162665
10.965000,0.000396067,0.000172837
10.967000,0.000202847,0.000112930
10.969000,0.000278369,0.000165297
10.971000,0.000316070,0.000209733
10.973000,0.000371114,0.000190694
10.975000,0.000341183,0.000132751
10.977000,0.000307135,0.000144665
10.979000,0.000288325,0.000177456
10.981000,0.000229437,0.000121020
10.983000,0.000244188,0.000170498
10.985000,0.000597830,0.000357455
10.987000,0.000438649,0.000455692
10.989000,0.000420480,0.000407633
10.991000,0.000087872,0.000260503
10.993000,0.000295917,0.000177588
10.995000,0.000484417,0.000234572
10.997000,0.000545331,0.000280185
10.999000,0.000322403,0.000257476
11.001000,0.000226727,0.000298835
11.003000,0.000199772,0.000372895
11.005000,0.000251782,0.000316372
11.007000,0.000207935,0.002021038
11.009000,0.000137952,0.005490100
11.011000,0.000420082,0.009581808
11.013000,0.000617362,0.012738179
11.015000,0.000529677,0.014196678
11.017000,0.000235098,0.014264838
11.019000,0.000235812,0.013711993
11.021000,0.000320232,0.013221339
11.023000,0.000319448,0.013147508
11.025000,0.000299837,0.013491455
11.027000,0.000463246,0.014022119
11.029000,0.000412597,0.014442779
11.031000,0.000296355,0.014528761
11.033000,0.000247538,0.014211831
11.035000,0.000174267,0.013587908
11.037000,0.000081351,0.012858533
11.039000,0.000251328,0.012272121
11.041000,0.000413263,0.012067200
11.043000,0.000418273,0.012338526
11.045000,0.000608261,0.012920974
11.047000,0.000623995,0.013501749
11.049000,0.000300436,0.013860113
11.051000,0.000495892,0.013975578
11.053000,0.000847419,0.013990237
11.055000,0.000747042,0.014113070
11.057000,0.000243001,0.014454861
11.059000,0.000585730,0.014884790
11.061000,0.000516009,0.015120023
11.063000,0.000303518,0.015010753
11.065000,0.000386878,0.014687988
11.067000,0.000503905,0.014400501
11.069000,0.000631983,0.014282426
11.071000,0.000659948,0.014310911
11.073000,0.000544237,0.014383016
11.075000,0.000346746,0.014394346
11.077000,0.000432521,0.014300219
11.079000,0.000552002,0.014138414
11.081000,0.000403169,0.014004382
11.083000,0.000396999,0.014000045
11.085000,0.000312180,0.014184922
11.087000,0.000207702,0.014549693
11.089000,0.000260640,0.015011182
11.091000,0.000660522,0.015408783
11.093000,0.000630181,0.015541034
11.095000,0.000545249,0.015333152
11.097000,0.000184666,0.015013316
11.099000,0.000270587,0.014951851
11.101000,0.000544744,0.015242585
11.103000,0.000643735,0.015479612
11.105000,0.000537429,0.014881741
11.107000,0.000360712,0.012665701
11.109000,0.000156296,0.008748264
11.111000,0.000182812,0.004322622
11.113000,0.000171767,0.001330749
11.115000,0.000253748,0.000984881
11.117000,0.000134055,0.000664109
11.119000,0.000244297,0.000203110
11.121000,0.000211182,0.000411137
11.123000,0.000210901,0.000382378
11.125000,0.000406822,0.000182656
11.127000,0.000503708,0.000042100
11.129000,0.000614570,0.000073194
11.131000,0.000997031,0.000048361
11.133000,0.000337551,0.000013474
11.135000,0.000347338,0.000028699
11.137000,0.000920230,0.000022410
11.139000,0.000729591,0.000018064
11.141000,0.000280399,0.000026179
11.143000,0.000183520,0.000024093
11.145000,0.000330327,0.000039176
11.147000,0.000145780,0.000096909
11.149000,0.000603691,0.000184049
11.151000,0.000561152,0.000278061
11.153000,0.000444441,0.000349318
11.155000,0.000598453,0.000389742
11.157000,0.000140827,0.000415869
11.159000,0.000163322,0.000464136
11.161000,0.000208600,0.000573416
11.163000,0.000231669,0.000694141
11.165000,0.000130267,0.000753037
11.167000,0.000262304,0.000747693
11.169000,0.000410432,0.000678237
11.171000,0.000613362,0.000506028
11.173000,0.001253052,0.000259301
11.175000,0.000874449,0.000100630
11.177000,0.000361031,0.000047259
11.179000,0.000468060,0.000102806
11.181000,0.000370747,0.000206353
11.183000,0.000573463,0.000257288
11.185000,0.000495696,0.000262265
11.187000,0.000595252,0.000257985
11.189000,0.000709471,0.000271111
11.191000,0.001026558,0.000274459
11.193000,0.000721691,0.000215741
11.195000,0.000502520,0.000081126
11.197000,0.000492838,0.000213492
11.199000,0.001058940,0.000440677
11.201000,0.000529999,0.000523909
11.203000,0.000179332,0.000415870
11.205000,0.000468601,0.000178487
11.207000,0.000559980,0.000224197
11.209000,0.002391006,0.000519076
11.211000,0.004807398,0.000595983
11.213000,0.011756887,0.000373922
11.215000,0.015401598,0.000345827
11.217000,0.016241302,0.000704278
11.219000,0.014312756,0.000655958
11.221000,0.012265834,0.000221792
11.223000,0.013154500,0.000501620
11.225000,0.014971772,0.000629675
11.227000,0.017065094,0.000344237
11.229000,0.016889565,0.000186751
11.231000,0.015668331,0.000382461
11.233000,0.016910038,0.000332553
11.235000,0.017177045,0.000133926
11.237000,0.017631783,0.000069595
11.239000,0.018914027,0.000094321
11.241000,0.019647536,0.000064353
11.243000,0.020509965,0.000053718
11.245000,0.020872586,0.000029124
11.247000,0.020497865,0.000005423
11.249000,0.020147817,0.000006366
11.251000,0.019749313,0.000016355
11.253000,0.018882294,0.000021959
11.255000,0.019377790,0.000030389
11.257000,0.020149782,0.000026328
11.259000,0.018732397,0.000035124
11.261000,0.012863783,0.000022697
11.263000,0.006397299,0.000021043
11.265000,0.004937024,0.000010497
11.267000,0.003326252,0.000006890
11.269000,0.006791452,0.000003851
11.271000,0.009776725,0.000006532
11.273000,0.008185400,0.000005057
11.275000,0.003828413,0.000009287
11.277000,0.002104295,0.000009213
11.279000,0.002827632,0.000012684
11.281000,0.003984164,0.000007238
11.283000,0.003516555,0.000010202
11.285000,0.003275770,0.000003077
11.287000,0.003896418,0.000006031
11.289000,0.002437556,0.000004668
11.291000,0.001810848,0.000000934
11.293000,0.002227166,0.000000740
11.295000,0.002132951,0.000001772
11.297000,0.003053362,0.000001662
11.299000,0.003619031,0.000002312
11.301000,0.003176791,0.000001385
11.303000,0.003284451,0.000002925
11.305000,0.002281977,0.000002140
11.307000,0.004296124,0.000001126
11.309000,0.006454091,0.000001225
11.311000,0.012930877,0.000001776
11.313000,0.016108076,0.000001551
11.315000,0.016346445,0.000000504
11.317000,0.013988863,0.000001069
11.319000,0.010821008,0.000002026
11.321000,0.012185774,0.000001288
11.323000,0.015250865,0.000001268
11.325000,0.016967233,0.000001129
11.327000,0.016220750,0.000001169
11.329000,0.016053657,0.000001272
11.331000,0.016748722,0.000002359
11.333000,0.016533238,0.000003144
11.335000,0.016027702,0.000002445
11.337000,0.017116050,0.000000848
11.339000,0.018685815,0.000002062
11.341000,0.019659406,0.000002559
11.343000,0.020133170,0.000002646
11.345000,0.019396133,0.000002646
11.347000,0.017354107,0.000002134
11.349000,0.019360024,0.000000831
11.351000,0.019755362,0.000002356
11.353000,0.019133172,0.000005135
11.355000,0.018452912,0.000007120
11.357000,0.017824849,0.000007585
11.359000,0.013287989,0.000009460
11.361000,0.006066720,0.000014064
11.363000,0.004754067,0.000018288
11.365000,0.002266344,0.000018533
11.367000,0.005645609,0.000018748
11.369000,0.008567410,0.000014782
11.371000,0.007153556,0.000009038
11.373000,0.004865003,0.000011596
11.375000,0.003113342,0.000011312
11.377000,0.002799646,0.000027495
11.379000,0.003026592,0.000016716
11.381000,0.002768643,0.000042609
11.383000,0.003507020,0.000054285
11.385000,0.003335266,0.000059287
11.387000,0.002444407,0.000104574
11.389000,0.002467885,0.000073289
11.391000,0.002931373,0.000126803
11.393000,0.002794240,0.000273479
11.395000,0.002086549,0.000347261
11.397000,0.003363860,0.000340221
11.399000,0.003014396,0.000257419
11.401000,0.002144985,0.000173153
11.403000,0.001981376,0.000207691
11.405000,0.003710624,0.000314643
11.407000,0.005685284,0.000424014
11.409000,0.011890425,0.000400876
11.411000,0.016811302,0.000196456
11.413000,0.017378912,0.000179210
11.415000,0.014945131,0.000369286
11.417000,0.009934540,0.000350745
11.419000,0.011522586,0.000160097
11.421000,0.016102691,0.000132450
11.423000,0.017101076,0.000294858
11.425000,0.016895936,0.000334404
11.427000,0.016652953,0.000231897
11.429000,0.017035063,0.000069974
11.431000,0.017358984,0.000122247
11.433000,0.017146312,0.000138740
11.435000,0.018062013,0.000077579
11.437000,0.018880427,0.000016416
11.439000,0.019321620,0.000020497
11.441000,0.018784211,0.000015449
11.443000,0.018403017,0.000003759
11.445000,0.018066727,0.000006254
11.447000,0.018142835,0.000004660
11.449000,0.018592453,0.000001518
11.451000,0.018552632,0.000001650
11.453000,0.019258319,0.000001502
11.455000,0.019943030,0.000000827
11.457000,0.020542370,0.000000977
11.459000,0.020670418,0.000001934
11.461000,0.019674566,0.000002223
11.463000,0.020764994,0.000001453
11.465000,0.022046860,0.000001257
11.467000,0.021796402,0.000001884
11.469000,0.021826638,0.000001595
11.471000,0.020650069,0.000003775
11.473000,0.020879407,0.000006208
11.475000,0.020497583,0.000004173
11.477000,0.020478929,0.000012437
11.479000,0.020436988,0.000021363
11.481000,0.020273353,0.000016215
11.483000,0.020110901,0.000054568
11.485000,0.019886567,0.000104203
11.487000,0.020179166,0.000100096
11.489000,0.020203220,0.000075506
11.491000,0.020745420,0.000138666
11.493000,0.021067344,0.000083140
11.495000,0.019890009,0.000303427
11.497000,0.019361813,0.000663477
11.499000,0.014925723,0.000749489
11.501000,0.007424730,0.000461239
11.503000,0.005670189,0.000135298
11.505000,0.005001306,0.000336055
11.507000,0.006699400,0.000513867
11.509000,0.009252624,0.000590462
11.511000,0.007678806,0.000430661
11.513000,0.003807869,0.000152658
11.515000,0.002532870,0.000331479
11.517000,0.002663230,0.000370020
11.519000,0.003390825,0.000218209
11.521000,0.003733080,0.000159380
11.523000,0.003866623,0.000233742
11.525000,0.004051044,0.000308548
11.527000,0.003209152,0.000339220
11.529000,0.002475911,0.000282579
11.531000,0.002668088,0.000221705
11.533000,0.002419060,0.000272459
11.535000,0.002916443,0.000391870
11.537000,0.003112682,0.000468697
11.539000,0.002136046,0.000376485
11.541000,0.002146436,0.000130607
11.543000,0.000644655,0.000433196
11.545000,0.003538999,0.000750396
11.547000,0.004909962,0.000760964
11.549000,0.009860287,0.000436855
11.551000,0.015849648,0.000140523
11.553000,0.018273100,0.000384209
11.555000,0.017148055,0.000463145
11.557000,0.013455348,0.000364461
11.559000,0.011160642,0.000210231
11.561000,0.017119359,0.000093807
11.563000,0.021066132,0.000035401
11.565000,0.019551764,0.000011024
11.567000,0.017516508,0.000009938
11.569000,0.017200019,0.000005753
11.571000,0.017541457,0.000005439
11.573000,0.017601577,0.000009218
11.575000,0.018176332,0.000011562
11.577000,0.020393984,0.000014121
11.579000,0.020163309,0.000016374
11.581000,0.018057085,0.000014681
11.583000,0.019014906,0.000013733
11.585000,0.018657528,0.000009938
11.587000,0.019841825,0.000006354
11.589000,0.020583616,0.000007923
11.591000,0.020037155,0.000008255
11.593000,0.019241761,0.000010673
11.595000,0.018399589,0.000013655
11.597000,0.015255055,0.000018474
11.599000,0.007702294,0.000014688
11.601000,0.004901410,0.000015794
11.603000,0.005617991,0.000016449
11.605000,0.008290802,0.000008892
11.607000,0.009943125,0.000013587
11.609000,0.008669540,0.000022958
11.611000,0.005506599,0.000029459
11.613000,0.003549497,0.000051428
11.615000,0.003920109,0.000086566
11.617000,0.003597574,0.000122010
11.619000,0.002842007,0.000162175
11.621000,0.003136282,0.000202056
11.623000,0.003517596,0.000227465
11.625000,0.003196882,0.000251799
11.627000,0.002487546,0.000259031
11.629000,0.002427158,0.000258118
11.631000,0.002798061,0.000262650
11.633000,0.002970230,0.000275846
11.635000,0.003600941,0.000267405
11.637000,0.002954001,0.000237065
11.639000,0.002933646,0.000281623
11.641000,0.002413394,0.000266758
11.643000,0.003942899,0.000170681
11.645000,0.005878100,0.000186960
11.647000,0.011376997,0.000154624
11.649000,0.017503197,0.000049694
11.651000,0.017716508,0.000074241
11.653000,0.016862211,0.000044647
11.655000,0.012170235,0.000054270
11.657000,0.011536783,0.000046836
11.659000,0.014920138,0.000079805
11.661000,0.017899046,0.000054413
11.663000,0.017732465,0.000058446
11.665000,0.016942456,0.000077922
11.667000,0.016370329,0.000040818
11.669000,0.016423905,0.000037407
11.671000,0.016599775,0.000037812
11.673000,0.017309309,0.000010306
11.675000,0.017920712,0.000010064
11.677000,0.018738450,0.000006236
11.679000,0.019620315,0.000009921
11.681000,0.020437992,0.000006092
11.683000,0.021130723,0.000004494
11.685000,0.021776379,0.000002316
11.687000,0.021551994,0.000002972
11.689000,0.020865133,0.000005079
11.691000,0.021601688,0.000010865
11.693000,0.021729179,0.000010800
11.695000,0.020813417,0.000013261
11.697000,0.019665225,0.000015441
11.699000,0.020472799,0.000013216
11.701000,0.021533298,0.000016176
11.703000,0.021187410,0.000018104
11.705000,0.019788535,0.000018565
11.707000,0.020017399,0.000017760
11.709000,0.021047358,0.000013420
11.711000,0.021050119,0.000012537
11.713000,0.020290881,0.000013254
11.715000,0.020421102,0.000006638
11.717000,0.021170691,0.000015500
11.719000,0.021665668,0.000020672
11.721000,0.021322878,0.000026453
11.723000,0.020790201,0.000050142
11.725000,0.020666269,0.000093127
11.727000,0.021009224,0.000165177
11.729000,0.021408007,0.000273305
11.731000,0.020828315,0.000362079
11.733000,0.020722863,0.000450513
11.735000,0.021414154,0.000518177
11.737000,0.017392101,0.000541096
11.739000,0.009135644,0.000547113
11.741000,0.004921369,0.000507014
11.743000,0.004834326,0.000450013
11.745000,0.007666664,0.000372519
11.747000,0.009532895,0.000264743
11.749000,0.007926286,0.000167203
11.751000,0.004827803,0.000094510
11.753000,0.003774813,0.000047454
11.755000,0.003799862,0.000027676
11.757000,0.003539476,0.000021543
11.759000,0.004175249,0.000015330
11.761000,0.004599361,0.000006478
11.763000,0.004899487,0.000005571
11.765000,0.003875695,0.000007442
11.767000,0.003262460,0.000013186
11.769000,0.003554902,0.000011898
11.771000,0.003158344,0.000015538
11.773000,0.002985107,0.000009933
11.775000,0.002552419,0.000009748
11.777000,0.002473869,0.000003824
11.779000,0.003491663,0.000001435
11.781000,0.002539829,0.000002969
11.783000,0.003569432,0.000004148
11.785000,0.005532890,0.000004501
11.787000,0.010055823,0.000004609
11.789000,0.015534383,0.000006697
11.791000,0.017652392,0.000007880
11.793000,0.015765341,0.000008276
11.795000,0.011314031,0.000005635
11.797000,0.011254027,0.000005669
11.799000,0.014994880,0.000003306
11.801000,0.018048855,0.000004401
11.803000,0.017980421,0.000003416
11.805000,0.017857100,0.000001385
11.807000,0.017239038,0.000000466
11.809000,0.016975129,0.000000396
11.811000,0.016306546,0.000000797
11.813000,0.017722267,0.000000771
11.815000,0.019289890,0.000000403
11.817000,0.020454566,0.000000273
11.819000,0.020142365,0.000000645
11.821000,0.019485192,0.000001797
11.823000,0.020271959,0.000001933
11.825000,0.020734587,0.000001823
11.827000,0.020324516,0.000001156
11.829000,0.019641275,0.000000340
11.831000,0.019433319,0.000000790
11.833000,0.018990338,0.000000868
11.835000,0.016140936,0.000000772
11.837000,0.007406820,0.000000541
11.839000,0.004396201,0.000001293
11.841000,0.003781807,0.000002592
11.843000,0.006482251,0.000004223
11.845000,0.010514139,0.000003965
11.847000,0.010245651,0.000011520
11.849000,0.005989368,0.000034045
11.851000,0.001731218,0.000069057
11.853000,0.002653828,0.000114361
11.855000,0.002990042,0.000162467
11.857000,0.002886270,0.000203274
11.859000,0.002342722,0.000226655
11.861000,0.003201578,0.000238767
11.863000,0.003098783,0.000244808
11.865000,0.001512558,0.000249434
11.867000,0.002061050,0.000252837
11.869000,0.003099406,0.000244279
11.871000,0.002968434,0.000213941
11.873000,0.002924824,0.000163817
11.875000,0.002043470,0.000127899
11.877000,0.002624323,0.000204632
11.879000,0.002250605,0.000382995
11.881000,0.003379020,0.000573373
11.883000,0.005595111,0.000686669
11.885000,0.010178175,0.000663100
11.887000,0.017001725,0.000520387
11.889000,0.017230295,0.000293101
11.891000,0.015820500,0.000096751
11.893000,0.011703731,0.000330066
11.895000,0.012172270,0.000498025
11.897000,0.015408390,0.000501703
11.899000,0.017773275,0.000384271
11.901000,0.018508262,0.000229224
11.903000,0.018288592,0.000097776
11.905000,0.019110135,0.000020310
11.907000,0.019012159,0.000017347
11.909000,0.018253666,0.000013810
11.911000,0.018540249,0.000007319
11.913000,0.019988797,0.000010420
11.915000,0.020188221,0.000009826
11.917000,0.018989585,0.000009977
11.919000,0.019742367,0.000012112
11.921000,0.020802796,0.000011548
11.923000,0.020909324,0.000010747
11.925000,0.021099876,0.000009113
11.927000,0.021671233,0.000006057
11.929000,0.021519959,0.000006791
11.931000,0.020482370,0.000004022
11.933000,0.019221189,0.000005680
11.935000,0.018601855,0.000009441
11.937000,0.019403187,0.000011249
11.939000,0.020454937,0.000012076
11.941000,0.021271109,0.000012133
11.943000,0.021359062,0.000010798
11.945000,0.020358149,0.000008122
11.947000,0.021177676,0.000007451
11.949000,0.021231419,0.000006332
11.951000,0.019967609,0.000002640
11.953000,0.020999817,0.000002081
11.955000,0.021824547,0.000003159
11.957000,0.021662961,0.000001921
11.959000,0.021012887,0.000002057
11.961000,0.023360199,0.000002965
11.963000,0.022492113,0.000002451
11.965000,0.021707342,0.000002421
11.967000,0.021826046,0.000000666
11.969000,0.021155095,0.000003086
11.971000,0.021305292,0.000003678
11.973000,0.021134358,0.000003699
11.975000,0.017508607,0.000007709
11.977000,0.009538388,0.000010555
11.979000,0.004885175,0.000014579
11.981000,0.003921090,0.000020752
11.983000,0.005847615,0.000022005
11.985000,0.008752575,0.000022956
11.987000,0.008325498,0.000022705
11.989000,0.005621936,0.000011493
11.991000,0.003055647,0.000023288
11.993000,0.003036167,0.000016005
11.995000,0.004606941,0.000035850
11.997000,0.003772819,0.000054912
11.999000,0.003052241,0.000110071
12.001000,0.004521488,0.000197712
12.003000,0.003907007,0.000288523
12.005000,0.002493226,0.000369590
12.007000,0.002085733,0.000395789
12.009000,0.002269333,0.000373983
12.011000,0.003080694,0.000292286
12.013000,0.003242228,0.000172025
12.015000,0.003005310,0.000091086
12.017000,0.002662161,0.000155741
12.019000,0.002333771,0.000251515
12.021000,0.001443608,0.000336350
12.023000,0.001293882,0.000416060
12.025000,0.008005392,0.000388706
12.027000,0.012801912,0.000296872
12.029000,0.014611603,0.000231796
12.031000,0.015212702,0.000148179
12.033000,0.012140133,0.000066766
12.035000,0.011789393,0.000034875
12.037000,0.014111570,0.000023299
12.039000,0.016243532,0.000016554
12.041000,0.018529450,0.000006791
12.043000,0.019137201,0.000009331
12.045000,0.016862524,0.000008698
12.047000,0.014277341,0.000003639
12.049000,0.014238914,0.000006323
12.051000,0.014947834,0.000003662
12.053000,0.017215113,0.000004437
12.055000,0.018063808,0.000003246
12.057000,0.019580900,0.000006878
12.059000,0.019361076,0.000005052
12.061000,0.017198508,0.000005904
12.063000,0.018216972,0.000004782
12.065000,0.017359043,0.000013035
12.067000,0.017812870,0.000009349
12.069000,0.018855214,0.000013080
12.071000,0.018617834,0.000011338
12.073000,0.018149797,0.000006737
12.075000,0.009019820,0.000004978
12.077000,0.003769582,0.000005628
12.079000,0.003779475,0.000005325
12.081000,0.005900732,0.000010942
12.083000,0.009968858,0.000024885
12.085000,0.009683567,0.000054842
12.087000,0.006153289,0.000101195
12.089000,0.004501443,0.000151769
12.091000,0.004827500,0.000190677
12.093000,0.004163301,0.000214274
12.095000,0.003852268,0.000230931
12.097000,0.003375147,0.000244789
12.099000,0.002952832,0.000252278
12.101000,0.001909923,0.000250485
12.103000,0.000597681,0.000246259
12.105000,0.000810054,0.000242393
12.107000,0.001443398,0.000231749
12.109000,0.002031626,0.000209632
12.111000,0.001768167,0.000175800
12.113000,0.002245286,0.000133776
12.115000,0.002747167,0.000085954
12.117000,0.002362883,0.000042315
12.119000,0.003370947,0.000016129
12.121000,0.006188296,0.000005210
12.123000,0.008729997,0.000004283
12.125000,0.015835062,0.000002780
12.127000,0.016712299,0.000002396
12.129000,0.016735171,0.000004231
12.131000,0.014096873,0.000005195
12.133000,0.011807974,0.000007074
12.135000,0.014283163,0.000005665
12.137000,0.016882589,0.000003940
12.139000,0.016745965,0.000001850
12.141000,0.015977047,0.000001465
12.143000,0.016048810,0.000004833
12.145000,0.016932627,0.000011291
12.147000,0.017491621,0.000021574
12.149000,0.016905382,0.000027628
12.151000,0.016711286,0.000026206
12.153000,0.017399936,0.000011384
12.155000,0.017974087,0.000035932
12.157000,0.018957511,0.000085005
12.159000,0.018796588,0.000143845
12.161000,0.018823587,0.000199681
12.163000,0.018146110,0.000254531
12.165000,0.017499973,0.000302751
12.167000,0.017793285,0.000333846
12.169000,0.017564649,0.000354874
12.171000,0.018206619,0.000364482
12.173000,0.018038322,0.000340537
12.175000,0.017707929,0.000286698
12.177000,0.018263065,0.000219159
12.179000,0.019015372,0.000144231
12.181000,0.020004694,0.000077293
12.183000,0.020031086,0.000035490
12.185000,0.019242388,0.000016160
12.187000,0.018550184,0.000010597
12.189000,0.018271280,0.000008141
12.191000,0.018385931,0.000002615
12.193000,0.018454189,0.000006458
12.195000,0.017997571,0.000005703
12.197000,0.018352489,0.000004833
12.199000,0.018354540,0.000005984
12.201000,0.017809295,0.000005277
12.203000,0.019688266,0.000007506
12.205000,0.020541789,0.000011558
12.207000,0.019697046,0.000017852
12.209000,0.019300759,0.000025779
12.211000,0.018151448,0.000045060
12.213000,0.016639424,0.000079986
12.215000,0.010401144,0.000122122
12.217000,0.004737898,0.000162374
12.219000,0.003490743,0.000197847
12.221000,0.003835659,0.000226511
12.223000,0.007247949,0.000244392
12.225000,0.008451612,0.000252777
12.227000,0.005177813,0.000255575
12.229000,0.001725272,0.000251987
12.231000,0.000772437,0.000248295
12.233000,0.001594179,0.000251816
12.235000,0.002796141,0.000243039
12.237000,0.003041388,0.000211882
12.239000,0.003078073,0.000183952
12.241000,0.002417341,0.000149771
12.243000,0.002012121,0.000102876
12.245000,0.002338507,0.000064752
12.247000,0.002627944,0.000030467
12.249000,0.002572496,0.000038352
12.251000,0.003198831,0.000043366
12.253000,0.003168481,0.000047100
12.255000,0.002485424,0.000092261
12.257000,0.002263195,0.000212023
12.259000,0.001314335,0.000371458
12.261000,0.000772571,0.000473428
12.263000,0.006320172,0.000426478
12.265000,0.012477965,0.000245177
12.267000,0.013713698,0.000075497
12.269000,0.014838231,0.000211610
12.271000,0.012417332,0.000332142
12.273000,0.011453684,0.000428116
12.275000,0.013843615,0.000518090
12.277000,0.016435406,0.000533584
12.279000,0.018642019,0.000420240
12.281000,0.018581636,0.000212632
12.283000,0.017900615,0.000099299
12.285000,0.018542309,0.000164489
12.287000,0.017993663,0.000166068
12.289000,0.019171365,0.000108576
12.291000,0.021308280,0.000049728
12.293000,0.020999772,0.000030144
12.295000,0.021196885,0.000022083
12.297000,0.020729534,0.000014024
12.299000,0.020414044,0.000014681
12.301000,0.020373633,0.000014428
12.303000,0.020384495,0.000010042
12.305000,0.019743632,0.000014423
12.307000,0.020247105,0.000005900
12.309000,0.020665861,0.000010402
12.311000,0.017257189,0.000005184
12.313000,0.008770420,0.000006727
12.315000,0.002943868,0.000015085
12.317000,0.001783629,0.000031537
12.319000,0.002905197,0.000063962
12.321000,0.007368418,0.000101324
12.323000,0.008596622,0.000147525
12.325000,0.005884631,0.000199173
12.327000,0.003412176,0.000237744
12.329000,0.003056944,0.000266353
12.331000,0.002894736,0.000285168
12.333000,0.003261049,0.000286532
12.335000,0.003209116,0.000287660
12.337000,0.002482660,0.000286463
12.339000,0.002309140,0.000278962
12.341000,0.001428787,0.000272587
12.343000,0.000922599,0.000246202
12.345000,0.002003576,0.000210480
12.347000,0.002434340,0.000176502
12.349000,0.002799901,0.000118720
12.351000,0.003040913,0.000073437
12.353000,0.002670796,0.000043177
12.355000,0.001913235,0.000016415
12.357000,0.002959826,0.000009457
12.359000,0.005368918,0.000008240
12.361000,0.007640139,0.000006534
12.363000,0.013764280,0.000008255
12.365000,0.016980965,0.000010101
12.367000,0.017115359,0.000008973
12.369000,0.014003449,0.000009298
12.371000,0.011358764,0.000007741
12.373000,0.013289500,0.000005447
12.375000,0.016395979,0.000006442
12.377000,0.017544797,0.000004959
12.379000,0.016742195,0.000003333
12.381000,0.015849375,0.000001691
12.383000,0.016507534,0.000000946
12.385000,0.016747435,0.000000952
12.387000,0.017069698,0.000000855
12.389000,0.018138457,0.000000758
12.391000,0.019060048,0.000000647
12.393000,0.019712820,0.000000520
12.395000,0.019802280,0.000000793
12.397000,0.019574712,0.000002015
12.399000,0.019036010,0.000002799
12.401000,0.018854040,0.000002411
12.403000,0.018963069,0.000000992
12.405000,0.018598811,0.000000746
12.407000,0.018344005,0.000000939
12.409000,0.017443441,0.000001396
12.411000,0.017179409,0.000000643
12.413000,0.016564365,0.000000530
12.415000,0.017371121,0.000000703
12.417000,0.018482157,0.000001676
12.419000,0.017574607,0.000002584
12.421000,0.018129132,0.000002845
12.423000,0.018668354,0.000002573
12.425000,0.018169903,0.000001571
12.427000,0.017963495,0.000001539
12.429000,0.018001812,0.000000741
12.431000,0.019281644,0.000002136
12.433000,0.018520018,0.000004287
12.435000,0.018490746,0.000002886
12.437000,0.019775084,0.000011107
12.439000,0.020080956,0.000017679
12.441000,0.019800111,0.000009627
12.443000,0.019042218,0.000043329
12.445000,0.018736744,0.000076789
12.447000,0.018198319,0.000057036
12.449000,0.017821300,0.000146065
12.451000,0.018043571,0.000321556
12.453000,0.013761475,0.000374638
12.455000,0.006932148,0.000226592
12.457000,0.004178271,0.000187479
12.459000,0.003041293,0.000343182
12.461000,0.005032539,0.000329405
12.463000,0.007742802,0.000233105
12.465000,0.006937429,0.000150104
12.467000,0.004223309,0.000099720
12.469000,0.001709995,0.000360668
12.471000,0.001520581,0.000531765
12.473000,0.002419967,0.000463834
12.475000,0.003418630,0.000270034
12.477000,0.003070960,0.000284682
12.479000,0.003126319,0.000309054
12.481000,0.002795122,0.000200399
12.483000,0.002677845,0.000078835
12.485000,0.003742418,0.000056993
12.487000,0.004186794,0.000112632
12.489000,0.003715584,0.000171870
12.491000,0.004257362,0.000266991
12.493000,0.003810648,0.000349061
12.495000,0.003452149,0.000324466
12.497000,0.002889230,0.000228114
12.499000,0.004646938,0.000175804
12.501000,0.006038325,0.000218788
12.503000,0.011425425,0.000271794
12.505000,0.016564669,0.000290959
12.507000,0.017041872,0.000291750
12.509000,0.016051430,0.000317135
12.511000,0.011745788,0.000375789
12.513000,0.012280802,0.000395356
12.515000,0.016419761,0.000303805
12.517000,0.017502044,0.000168041
12.519000,0.017590323,0.000281912
12.521000,0.016862684,0.000387273
12.523000,0.016908915,0.000308914
12.525000,0.016818376,0.000163027
12.527000,0.014706353,0.000304834
12.529000,0.016709060,0.000402268
12.531000,0.018609834,0.000324105
12.533000,0.017889025,0.000150452
12.535000,0.018364651,0.000121391
12.537000,0.019832825,0.000353658
12.539000,0.019785614,0.000540045
12.541000,0.017771654,0.000597863
12.543000,0.015126491,0.000519020
12.545000,0.014355616,0.000346242
12.547000,0.015710462,0.000275834
12.549000,0.017449608,0.000465689
12.551000,0.012911887,0.000558203
12.553000,0.007390205,0.000452640
12.555000,0.006211318,0.000280224
12.557000,0.003061900,0.000311847
12.559000,0.004854030,0.000382986
12.561000,0.008162113,0.000323400
12.563000,0.007903085,0.000188178
12.565000,0.004990174,0.000058342
12.567000,0.002715567,0.000028329
12.569000,0.004760238,0.000039410
12.571000,0.005704377,0.000037195
12.573000,0.003997846,0.000027580
12.575000,0.002961909,0.000039477
12.577000,0.004031572,0.000161639
12.579000,0.003572068,0.000316925
12.581000,0.003189056,0.000393299
12.583000,0.002867578,0.000314135
12.585000,0.002306129,0.000154882
12.587000,0.002487967,0.000160398
12.589000,0.002917189,0.000196719
12.591000,0.002688360,0.000232165
12.593000,0.002461089,0.000315227
12.595000,0.002332711,0.000276587
12.597000,0.003622405,0.000161299
12.599000,0.005942845,0.000226598
12.601000,0.009872461,0.000252080
12.603000,0.015006124,0.000132442
12.605000,0.016955290,0.000077719
12.607000,0.015832710,0.000130777
12.609000,0.012020921,0.000147217
12.611000,0.010916035,0.000271501
12.613000,0.015539538,0.000295558
12.615000,0.018588511,0.000156342
12.617000,0.017890800,0.000123394
12.619000,0.017770179,0.000269876
12.621000,0.016385594,0.000338555
12.623000,0.016728150,0.000322298
12.625000,0.016533937,0.000237585
12.627000,0.016926805,0.000137598
12.629000,0.018452705,0.000128111
12.631000,0.018540422,0.000170681
12.633000,0.018274507,0.000179411
12.635000,0.018392841,0.000172816
12.637000,0.018585047,0.000175227
12.639000,0.018036153,0.000170342
12.641000,0.018298983,0.000153492
12.643000,0.018466292,0.000142046
12.645000,0.017866246,0.000124011
12.647000,0.018720039,0.000088019
12.649000,0.019088388,0.000047219
12.651000,0.017718250,0.000015096
12.653000,0.017412252,0.000006777
12.655000,0.017876732,0.000004663
12.657000,0.018932898,0.000005048
12.659000,0.019224081,0.000004521
12.661000,0.018073890,0.000002203
12.663000,0.017113381,0.000002242
12.665000,0.017766134,0.000002202
12.667000,0.018604055,0.000003430
12.669000,0.018641133,0.000005982
12.671000,0.018550355,0.000008564
12.673000,0.018888268,0.000012173
12.675000,0.019635175,0.000019403
12.677000,0.019458211,0.000034315
12.679000,0.019030538,0.000060651
12.681000,0.018363433,0.000093652
12.683000,0.018184952,0.000127543
12.685000,0.017575166,0.000161719
12.687000,0.018768758,0.000197681
12.689000,0.020390397,0.000229693
12.691000,0.016541352,0.000256026
12.693000,0.008042705,0.000264462
12.695000,0.003341894,0.000262528
12.697000,0.001960844,0.000270792
12.699000,0.004660479,0.000272577
12.701000,0.008126466,0.000268544
12.703000,0.008000374,0.000303490
12.705000,0.005220809,0.000334823
12.707000,0.002052064,0.000331690
12.709000,0.001514424,0.000322973
12.711000,0.001848940,0.000249363
12.713000,0.002971656,0.000107184
12.715000,0.003211458,0.000060625
12.717000,0.003890385,0.000139131
12.719000,0.002982549,0.000204066
12.721000,0.002364667,0.000211560
12.723000,0.002500524,0.000219844
12.725000,0.002907087,0.000290971
12.727000,0.003419954,0.000400693
12.729000,0.003089897,0.000488887
12.731000,0.003438869,0.000540065
12.733000,0.003107549,0.000565575
12.735000,0.003205647,0.000565860
12.737000,0.004885425,0.000566784
12.739000,0.006126626,0.000558276
12.741000,0.010274444,0.000491046
12.743000,0.016596568,0.000399078
12.745000,0.016772579,0.000344179
12.747000,0.015535731,0.000295453
12.749000,0.012229624,0.000228999
12.751000,0.011148864,0.000193792
12.753000,0.014187420,0.000214181
12.755000,0.017039550,0.000241161
12.757000,0.016970503,0.000253434
12.759000,0.016877316,0.000263202
12.761000,0.016826261,0.000276039
12.763000,0.016806933,0.000285718
12.765000,0.016162978,0.000272187
12.767000,0.017534606,0.000227948
12.769000,0.018276764,0.000169167
12.771000,0.018169342,0.000144178
12.773000,0.018391630,0.000428240
12.775000,0.018874953,0.000685855
12.777000,0.018624255,0.000627648
12.779000,0.017285641,0.000250953
12.781000,0.017141536,0.000384275
12.783000,0.017407182,0.000649612
12.785000,0.018702623,0.000480724
12.787000,0.018939122,0.000186072
12.789000,0.016609577,0.000516637
12.791000,0.009237214,0.000505588
12.793000,0.004892513,0.000189269
12.795000,0.003861694,0.000201243
12.797000,0.003930187,0.000278636
12.799000,0.006622972,0.000198901
12.801000,0.006920371,0.000123758
12.803000,0.004008957,0.000207339
12.805000,0.001877842,0.000249059
12.807000,0.002335411,0.000209362
12.809000,0.003109640,0.000227869
12.811000,0.003353362,0.000210537
12.813000,0.002500801,0.000109933
12.815000,0.003339051,0.000186486
12.817000,0.002774662,0.000306082
12.819000,0.001986300,0.000381570
12.821000,0.002146084,0.000368684
12.823000,0.002674227,0.000222524
12.825000,0.003185592,0.000117524
12.827000,0.003451068,0.000144707
12.829000,0.003191153,0.000068024
12.831000,0.002342409,0.000216616
12.833000,0.002844470,0.000314199
12.835000,0.001586430,0.000298228
12.837000,0.001789626,0.000386160
12.839000,0.007382109,0.000448565
12.841000,0.012295300,0.000323724
12.843000,0.013439463,0.000251549
12.845000,0.014406806,0.000431327
12.847000,0.012012427,0.000515495
12.849000,0.011342278,0.000385780
12.851000,0.013339965,0.000207364
12.853000,0.015318802,0.000340647
12.855000,0.017297744,0.000401127
12.857000,0.017553633,0.000285647
12.859000,0.017298072,0.000185773
12.861000,0.018348988,0.000227015
12.863000,0.017665933,0.000270734
12.865000,0.018965315,0.000269866
12.867000,0.020679996,0.000233189
12.869000,0.019393802,0.000231982
12.871000,0.019971859,0.000225637
12.873000,0.020301016,0.000217121
12.875000,0.018379392,0.000219845
12.877000,0.017792732,0.000181708
12.879000,0.018095663,0.000167843
12.881000,0.018117088,0.000149377
12.883000,0.017249058,0.000092809
12.885000,0.017723318,0.000067746
12.887000,0.017424938,0.000051702
12.889000,0.016910344,0.000022419
12.891000,0.015824020,0.000012008
12.893000,0.015786869,0.000012981
12.895000,0.016424350,0.000007350
12.897000,0.016614923,0.000006044
12.899000,0.016754093,0.000006214
12.901000,0.016824934,0.000003876
12.903000,0.018217923,0.000004281
12.905000,0.019323378,0.000002689
12.907000,0.020162838,0.000001439
12.909000,0.020629385,0.000002370
12.911000,0.020680147,0.000001386
12.913000,0.020372819,0.000002654
12.915000,0.020180062,0.000001801
12.917000,0.019853165,0.000001530
12.919000,0.019606269,0.000004623
12.921000,0.019770138,0.000003003
12.923000,0.019711051,0.000005097
12.925000,0.019156378,0.000003299
12.927000,0.019392248,0.000003898
12.929000,0.016775488,0.000003736
12.931000,0.008178864,0.000013428
12.933000,0.004053097,0.000014019
12.935000,0.003902665,0.000019606
12.937000,0.003701957,0.000082390
12.939000,0.006190812,0.000142669
12.941000,0.006784976,0.000141523
12.943000,0.004131318,0.000117231
12.945000,0.001528170,0.000253576
12.947000,0.001396085,0.000375210
12.949000,0.001798716,0.000363406
12.951000,0.002587777,0.000286322
12.953000,0.002843619,0.000257257
12.955000,0.003171761,0.000213392
12.957000,0.002628901,0.000200003
12.959000,0.002343725,0.000235480
12.961000,0.002665070,0.000260626
12.963000,0.002751958,0.000255943
12.965000,0.002853575,0.000177757
12.967000,0.003473362,0.000085908
12.969000,0.004262646,0.000189862
12.971000,0.004375559,0.000330918
12.973000,0.002785751,0.000418253
12.975000,0.003259987,0.000454218
12.977000,0.005272378,0.000448915
12.979000,0.009927720,0.000391239
12.981000,0.016212444,0.000313446
12.983000,0.016934501,0.000205210
12.985000,0.016427153,0.000079495
12.987000,0.012732213,0.000014253
12.989000,0.010584217,0.000039858
12.991000,0.013684800,0.000058913
12.993000,0.017213382,0.000051547
12.995000,0.017586568,0.000024638
12.997000,0.016016270,0.000010615
12.999000,0.015050310,0.000008936
13.001000,0.015454583,0.000004395
13.003000,0.014711886,0.000005140
13.005000,0.014663085,0.000008350
13.007000,0.016992961,0.000007708
13.009000,0.018555155,0.000007140
13.011000,0.018901663,0.000005165
13.013000,0.019426373,0.000005440
13.015000,0.017665349,0.000004361
13.017000,0.016015908,0.000004866
13.019000,0.016681559,0.000010729
13.021000,0.017678897,0.000017427
13.023000,0.017690999,0.000064293
13.025000,0.017094054,0.000141295
13.027000,0.015395481,0.000224814
13.029000,0.008481057,0.000301745
13.031000,0.003684407,0.000350920
13.033000,0.002954076,0.000369247
13.035000,0.004228410,0.000374222
13.037000,0.007317051,0.000354840
13.039000,0.007953038,0.000289754
13.041000,0.005594519,0.000205975
13.043000,0.002310242,0.000152435
13.045000,0.002026934,0.000173488
13.047000,0.002854262,0.000268894
13.049000,0.003129140,0.000338153
13.051000,0.001914878,0.000259117
13.053000,0.002205626,0.000115144
13.055000,0.002800491,0.000232803
13.057000,0.001666602,0.000220831
13.059000,0.001396334,0.000219246
13.061000,0.002694419,0.000361696
13.063000,0.003274483,0.000343067
13.065000,0.003800377,0.000161323
13.067000,0.003176557,0.000086334
13.069000,0.002509508,0.000184710
13.071000,0.002401189,0.000299321
13.073000,0.002463653,0.000403572
13.075000,0.001796846,0.000459664
13.077000,0.004638900,0.000472096
13.079000,0.010364263,0.000453781
13.081000,0.012176293,0.000444551
13.083000,0.013855212,0.000458976
13.085000,0.012786442,0.000464596
13.087000,0.011431281,0.000436592
13.089000,0.012843631,0.000396274
13.091000,0.014923218,0.000373006
13.093000,0.016675634,0.000323563
13.095000,0.016640902,0.000236545
13.097000,0.016571915,0.000139917
13.099000,0.016688824,0.000050208
13.101000,0.017212842,0.000013603
13.103000,0.017857623,0.000010603
13.105000,0.018013511,0.000013929
13.107000,0.018449903,0.000010571
13.109000,0.018456667,0.000012636
13.111000,0.018132820,0.000017384
13.113000,0.017431806,0.000014556
13.115000,0.017963029,0.000015148
13.117000,0.018668729,0.000013903
13.119000,0.018380230,0.000010329
13.121000,0.018442386,0.000006136
13.123000,0.019249753,0.000005656
13.125000,0.019167856,0.000006417
13.127000,0.017474032,0.000003952
13.129000,0.016858911,0.000005724
13.131000,0.017091985,0.000008631
13.133000,0.019255820,0.000008187
13.135000,0.019766030,0.000010594
13.137000,0.018708564,0.000011887
13.139000,0.018097107,0.000008587
13.141000,0.018445965,0.000013924
13.143000,0.019169548,0.000009595
13.145000,0.019648539,0.000010403
13.147000,0.019787717,0.000017756
13.149000,0.019605744,0.000059388
13.151000,0.019346418,0.000087149
13.153000,0.019058991,0.000129340
13.155000,0.018714455,0.000252303
13.157000,0.018544816,0.000304583
13.159000,0.019016512,0.000300598
13.161000,0.019449708,0.000376104
13.163000,0.019899821,0.000415824
13.165000,0.019281131,0.000392050
13.167000,0.017237260,0.000403063
13.169000,0.010037451,0.000414745
13.171000,0.004945804,0.000427058
13.173000,0.003079017,0.000399788
13.175000,0.004118156,0.000272819
13.177000,0.007533755,0.000278114
13.179000,0.007293146,0.000401502
13.181000,0.004630462,0.000367417
13.183000,0.001658839,0.000194341
13.185000,0.000550143,0.000374438
13.187000,0.001891505,0.000600494
13.189000,0.002804365,0.000515623
13.191000,0.002625296,0.000192013
13.193000,0.002405701,0.000251810
13.195000,0.001853560,0.000292907
13.197000,0.002345114,0.000119734
13.199000,0.003817799,0.000129412
13.201000,0.003579896,0.000100876
13.203000,0.003658388,0.000071251
13.205000,0.004110209,0.000106207
13.207000,0.003512366,0.000112368
13.209000,0.004121407,0.000129068
13.211000,0.002976765,0.000159375
13.213000,0.002861867,0.000172604
13.215000,0.005461450,0.000117662
13.217000,0.007613943,0.000156761
13.219000,0.013814732,0.000206638
13.221000,0.015902886,0.000125120
13.223000,0.015817506,0.000090884
13.225000,0.012217120,0.000166553
13.227000,0.009564546,0.000110647
13.229000,0.011849501,0.000080485
13.231000,0.014367886,0.000115107
13.233000,0.015531278,0.000101309
13.235000,0.015435740,0.000099236
13.237000,0.014980704,0.000111496
13.239000,0.014841333,0.000101060
13.241000,0.014637317,0.000101658
13.243000,0.014286097,0.000083302
13.245000,0.015453268,0.000073258
13.247000,0.017731309,0.000063913
13.249000,0.018296341,0.000040066
13.251000,0.017391270,0.000022251
13.253000,0.017241652,0.000045952
13.255000,0.017521392,0.000053140
13.257000,0.017229218,0.000071064
13.259000,0.017420863,0.000119955
13.261000,0.017346966,0.000150199
13.263000,0.017868704,0.000177391
13.265000,0.017386869,0.000211387
13.267000,0.010220649,0.000213914
13.269000,0.004018813,0.000217200
13.271000,0.003135994,0.000219087
13.273000,0.004130820,0.000215987
13.275000,0.007179829,0.000217175
13.277000,0.008280438,0.000251358
13.279000,0.006027006,0.000249381
13.281000,0.003397379,0.000188226
13.283000,0.002186606,0.000087049
13.285000,0.002393594,0.000202445
13.287000,0.002992469,0.000364417
13.289000,0.002539365,0.000393133
13.291000,0.002741514,0.000306946
13.293000,0.002383408,0.000247230
13.295000,0.001485637,0.000262525
13.297000,0.002409596,0.000298904
13.299000,0.003222372,0.000323421
13.301000,0.003138899,0.000309131
13.303000,0.003324651,0.000259405
13.305000,0.003835762,0.000218181
13.307000,0.003960089,0.000168851
13.309000,0.003880002,0.000096813
13.311000,0.003363221,0.000040010
13.313000,0.005947423,0.000035808
13.315000,0.007146874,0.000027692
13.317000,0.013627926,0.000009135
13.319000,0.016398355,0.000014614
13.321000,0.015816659,0.000013632
13.323000,0.012866190,0.000022840
13.325000,0.009312037,0.000023576
13.327000,0.010994908,0.000022503
13.329000,0.013783906,0.000025333
13.331000,0.016174197,0.000015265
13.333000,0.015509607,0.000016929
13.335000,0.014496452,0.000010221
13.337000,0.014586553,0.000005402
13.339000,0.014860047,0.000006613
13.341000,0.015332684,0.000004060
13.343000,0.016097534,0.000002007
13.345000,0.016797618,0.000002084
13.347000,0.016712508,0.000001274
13.349000,0.016949654,0.000000651
13.351000,0.017058707,0.000000780
13.353000,0.017282052,0.000000574
13.355000,0.018017418,0.000000901
13.357000,0.017551625,0.000001795
13.359000,0.017785343,0.000002120
13.361000,0.017744510,0.000001380
13.363000,0.017231742,0.000000420
13.365000,0.016029233,0.000000456
13.367000,0.015704857,0.000000521
13.369000,0.015514652,0.000000526
13.371000,0.016299069,0.000001293
13.373000,0.017834257,0.000001480
13.375000,0.018715737,0.000000853
13.377000,0.019131149,0.000004130
13.379000,0.019183845,0.000006332
13.381000,0.019144781,0.000003995
13.383000,0.019182657,0.000018750
13.385000,0.019157853,0.000041455
13.387000,0.018932587,0.000053345
13.389000,0.019022028,0.000043534
13.391000,0.019740636,0.000017496
13.393000,0.019372040,0.000072684
13.395000,0.017712574,0.000174405
13.397000,0.017332666,0.000275776
13.399000,0.017402756,0.000368615
13.401000,0.017002286,0.000453512
13.403000,0.017342215,0.000522139
13.405000,0.016250844,0.000577793
13.407000,0.008992104,0.000599605
13.409000,0.004079501,0.000577970
13.411000,0.002752344,0.000536719
13.413000,0.003972827,0.000491996
13.415000,0.006988369,0.000435184
13.417000,0.007613389,0.000359372
13.419000,0.004743310,0.000281225
13.421000,0.001345256,0.000224359
13.423000,0.001184176,0.000207470
13.425000,0.002381728,0.000209352
13.427000,0.002585314,0.000193640
13.429000,0.002351624,0.000161263
13.431000,0.002742056,0.000146573
13.433000,0.002595436,0.000178994
13.435000,0.002771700,0.000213110
13.437000,0.003052959,0.000186997
13.439000,0.004360816,0.000137347
13.441000,0.004218425,0.000270875
13.443000,0.004035195,0.000349162
13.445000,0.004066094,0.000274707
13.447000,0.003170532,0.000359283
13.449000,0.002812174,0.000497527
13.451000,0.002292725,0.000404499
13.453000,0.005066341,0.000293964
13.455000,0.007185853,0.000374256
13.457000,0.013491796,0.000331195
13.459000,0.014869097,0.000168460
13.461000,0.014578136,0.000061546
13.463000,0.012187269,0.000076809
13.465000,0.009527081,0.000048943
13.467000,0.012490521,0.000025020
13.469000,0.015889445,0.000042475
13.471000,0.015690088,0.000086917
13.473000,0.014727648,0.000097882
13.475000,0.015380584,0.000053901
13.477000,0.016236594,0.000115534
13.479000,0.015892036,0.000269541
13.481000,0.015742340,0.000413723
13.483000,0.015615537,0.000497951
13.485000,0.016287088,0.000488922
13.487000,0.017437458,0.000385381
13.489000,0.017784140,0.000221763
13.491000,0.017602768,0.000090506
13.493000,0.017402505,0.000222825
13.495000,0.017287289,0.000359841
13.497000,0.017752112,0.000376177
13.499000,0.018021059,0.000298323
13.501000,0.018186993,0.000215817
13.503000,0.017539036,0.000124221
13.505000,0.010735324,0.000040402
13.507000,0.004173178,0.000035220
13.509000,0.003724476,0.000017012
13.511000,0.004555977,0.000024840
13.513000,0.007425179,0.000012565
13.515000,0.009464972,0.000037443
13.517000,0.006083861,0.000034203
13.519000,0.002634319,0.000027944
13.521000,0.001801501,0.000043170
13.523000,0.002678495,0.000017392
13.525000,0.003538611,0.000024776
13.527000,0.003053802,0.000012182
13.529000,0.003527459,0.000009791
13.531000,0.003533074,0.000020498
13.533000,0.002091641,0.000029540
13.535000,0.001563683,0.000060078
13.537000,0.002408386,0.000093270
13.539000,0.003388043,0.000105502
13.541000,0.003485355,0.000158473
13.543000,0.003938509,0.000210780
13.545000,0.003121817,0.000233255
13.547000,0.002925428,0.000258166
13.549000,0.003147534,0.000286790
13.551000,0.005361184,0.000290838
13.553000,0.006960003,0.000280244
13.555000,0.012390469,0.000274685
13.557000,0.015824455,0.000243776
13.559000,0.016155664,0.000219775
13.561000,0.013691968,0.000185232
13.563000,0.010590198,0.000145747
13.565000,0.012486283,0.000108409
13.567000,0.016129425,0.000069511
13.569000,0.017391953,0.000040379
13.571000,0.016493336,0.000021435
13.573000,0.016189376,0.000015544
13.575000,0.016258248,0.000024565
13.577000,0.016412282,0.000052513
13.579000,0.016223337,0.000090572
13.581000,0.016810316,0.000136226
13.583000,0.018170787,0.000186553
13.585000,0.018347350,0.000227311
13.587000,0.019729748,0.000254076
13.589000,0.019755593,0.000274291
13.591000,0.019317151,0.000278419
13.593000,0.020381167,0.000283179
13.595000,0.019899873,0.000283932
13.597000,0.018357285,0.000265139
13.599000,0.017259954,0.000278723
13.601000,0.019165632,0.000355351
13.603000,0.017911023,0.000410848
13.605000,0.016751235,0.000386515
13.607000,0.017149464,0.000268282
13.609000,0.017269516,0.000092185
13.611000,0.017464945,0.000190354
13.613000,0.018581760,0.000380586
13.615000,0.019488129,0.000470541
13.617000,0.019943644,0.000413243
13.619000,0.019875429,0.000227392
13.621000,0.019456338,0.000082989
13.623000,0.019968196,0.000252489
13.625000,0.019816499,0.000342077
13.627000,0.019549701,0.000299940
13.629000,0.020554351,0.000167164
13.631000,0.020424191,0.000039821
13.633000,0.020283553,0.000040334
13.635000,0.021103220,0.000030251
13.637000,0.020429074,0.000019322
13.639000,0.019298238,0.000043965
13.641000,0.018988655,0.000087167
13.643000,0.018944960,0.000149995
13.645000,0.012063718,0.000220456
13.647000,0.005444057,0.000279274
13.649000,0.004398332,0.000294986
13.651000,0.003331971,0.000290530
13.653000,0.006153409,0.000290766
13.655000,0.008439030,0.000295032
13.657000,0.006033037,0.000297473
13.659000,0.002561101,0.000321333
13.661000,0.002025791,0.000376202
13.663000,0.001846235,0.000386644
13.665000,0.003227428,0.000304216
13.667000,0.003527219,0.000263171
13.669000,0.003458163,0.000332275
13.671000,0.003594218,0.000272817
13.673000,0.002210712,0.000122841
13.675000,0.001674893,0.000427935
13.677000,0.001916644,0.000561706
13.679000,0.002468614,0.000432066
13.681000,0.003187945,0.000363531
13.683000,0.003071500,0.000339788
13.685000,0.002554743,0.000329824
13.687000,0.002044577,0.000550350
13.689000,0.001720187,0.000674149
13.691000,0.001841513,0.000802399
13.693000,0.003111437,0.000954049
13.695000,0.009756190,0.000768597
13.697000,0.011732672,0.000313112
13.699000,0.012650300,0.000348755
13.701000,0.011949007,0.000522731
13.703000,0.009803635,0.000421638
13.705000,0.012199172,0.000154112
13.707000,0.014629228,0.000205038
13.709000,0.017019984,0.000310920
13.711000,0.017732746,0.000187084
13.713000,0.017234694,0.000101176
13.715000,0.017651512,0.000170109
13.717000,0.017001068,0.000170868
13.719000,0.017094774,0.000244553
13.721000,0.018972237,0.000301577
13.723000,0.019426842,0.000288143
13.725000,0.019168737,0.000221932
13.727000,0.019807504,0.000215189
13.729000,0.019687464,0.000197966
13.731000,0.019142981,0.000108875
13.733000,0.018579888,0.000023660
13.735000,0.019082699,0.000044564
13.737000,0.019410994,0.000050915
13.739000,0.019346179,0.000041425
13.741000,0.018383043,0.000023570
13.743000,0.012183850,0.000006839
13.745000,0.006421398,0.000004021
13.747000,0.004746904,0.000003865
13.749000,0.004176682,0.000001177
13.751000,0.006276489,0.000000329
13.753000,0.008456395,0.000000838
13.755000,0.006674563,0.000001120
13.757000,0.002943326,0.000000523
13.759000,0.001874301,0.000000548
13.761000,0.002948357,0.000001190
13.763000,0.004154241,0.000001342
13.765000,0.004330236,0.000001546
13.767000,0.004396293,0.000002869
13.769000,0.004352989,0.000003995
13.771000,0.003137947,0.000005366
13.773000,0.002348830,0.000006824
13.775000,0.002913464,0.000007867
13.777000,0.002496658,0.000006477
13.779000,0.002227440,0.000004927
13.781000,0.002916293,0.000003431
13.783000,0.002001447,0.000002815
13.785000,0.001740718,0.000003593
13.787000,0.001901125,0.000002175
13.789000,0.003575941,0.000002282
13.791000,0.004929528,0.000006214
13.793000,0.012836893,0.000005068
13.795000,0.017131108,0.000009563
13.797000,0.017132746,0.000006968
13.799000,0.014402547,0.000009137
13.801000,0.009994446,0.000006945
13.803000,0.011220149,0.000004552
13.805000,0.014918697,0.000004104
13.807000,0.018037000,0.000008249
13.809000,0.017593190,0.000007420
13.811000,0.015569575,0.000007288
13.813000,0.015433999,0.000009668
13.815000,0.016676789,0.000009743
13.817000,0.016038993,0.000011358
13.819000,0.016213338,0.000013894
13.821000,0.016684828,0.000010069
13.823000,0.016448006,0.000011538
13.825000,0.018272382,0.000008504
13.827000,0.019408347,0.000017904
13.829000,0.019198522,0.000024103
13.831000,0.018762052,0.000025606
13.833000,0.016540018,0.000094654
13.835000,0.016118491,0.000163982
13.837000,0.017462907,0.000234503
13.839000,0.017148240,0.000362868
13.841000,0.017133120,0.000520730
13.843000,0.017347066,0.000561715
13.845000,0.017723819,0.000420842
13.847000,0.018947352,0.000219305
13.849000,0.019620251,0.000074077
13.851000,0.019922807,0.000127558
13.853000,0.019981088,0.000248953
13.855000,0.019609633,0.000225977
13.857000,0.019422642,0.000204783
13.859000,0.019391786,0.000337460
13.861000,0.019736176,0.000369978
13.863000,0.020048081,0.000254615
13.865000,0.020937354,0.000093887
13.867000,0.021091082,0.000028459
13.869000,0.020137657,0.000041839
13.871000,0.020025302,0.000025295
13.873000,0.019673479,0.000020218
13.875000,0.019041458,0.000027793
13.877000,0.018140090,0.000086832
13.879000,0.018733770,0.000116158
13.881000,0.019482945,0.000124631
13.883000,0.016525488,0.000171301
13.885000,0.009053271,0.000151892
13.887000,0.004899719,0.000090632
13.889000,0.003770041,0.000080243
13.891000,0.005793786,0.000125298
13.893000,0.009558405,0.000156874
13.895000,0.009366940,0.000141881
13.897000,0.005862092,0.000108191
13.899000,0.002779509,0.000123142
13.901000,0.002510553,0.000224384
13.903000,0.003327310,0.000301521
13.905000,0.004000235,0.000279594
13.907000,0.003424757,0.000318543
13.909000,0.003021494,0.000416682
13.911000,0.002622997,0.000420117
13.913000,0.001481499,0.000386024
13.915000,0.001716357,0.000444653
13.917000,0.002697094,0.000380496
13.919000,0.003149175,0.000141448
13.921000,0.003350765,0.000478719
13.923000,0.003047461,0.000679186
13.925000,0.002915097,0.000478538
13.927000,0.002658590,0.000179740
13.929000,0.003467125,0.000570070
13.931000,0.005564451,0.000801070
13.933000,0.008629565,0.000804233
13.935000,0.016049396,0.000740010
13.937000,0.017741130,0.000609193
13.939000,0.016858920,0.000397562
13.941000,0.013049753,0.000204309
13.943000,0.010612716,0.000157210
13.945000,0.013746675,0.000190989
13.947000,0.017330974,0.000179432
13.949000,0.018367338,0.000127955
13.951000,0.017022756,0.000063224
13.953000,0.015451256,0.000016751
13.955000,0.017745037,0.000011398
13.957000,0.017501503,0.000010619
13.959000,0.017102392,0.000010653
13.961000,0.018563965,0.000020847
13.963000,0.018178901,0.000028297
13.965000,0.018997717,0.000049294
13.967000,0.019516615,0.000073711
13.969000,0.019030509,0.000102580
13.971000,0.018521700,0.000155400
13.973000,0.017675616,0.000234525
13.975000,0.017794893,0.000326302
13.977000,0.018860660,0.000403864
13.979000,0.018627113,0.000478664
13.981000,0.017307771,0.000531754
13.983000,0.010552069,0.000529772
13.985000,0.004893208,0.000516779
13.987000,0.003751725,0.000460398
13.989000,0.004598330,0.000373595
13.991000,0.008776484,0.000284136
13.993000,0.009486064,0.000185537
13.995000,0.005935251,0.000105342
13.997000,0.002185383,0.000060569
13.999000,0.001697015,0.000024667
14.001000,0.002150152,0.000019064
14.003000,0.002479595,0.000026882
14.005000,0.002860175,0.000034665
14.007000,0.003578874,0.000138860
14.009000,0.003039936,0.000247991
14.011000,0.002006781,0.000283438
14.013000,0.002026019,0.000221603
14.015000,0.003471125,0.000195469
14.017000,0.003658389,0.000246212
14.019000,0.003735687,0.000212290
14.021000,0.002947906,0.000317100
14.023000,0.001868127,0.000564659
14.025000,0.002722208,0.000571713
14.027000,0.002452855,0.000286089
14.029000,0.001436486,0.000675049
14.031000,0.003287929,0.001100169
14.033000,0.009643524,0.000991816
14.035000,0.012405973,0.000492222
14.037000,0.013306367,0.000316479
14.039000,0.013952388,0.000500609
14.041000,0.009522398,0.000476178
14.043000,0.012201420,0.000329470
14.045000,0.016499301,0.000160208
14.047000,0.018047567,0.000129535
14.049000,0.017738706,0.000191696
14.051000,0.016598731,0.000172469
14.053000,0.016401340,0.000111470
14.055000,0.016577915,0.000108256
14.057000,0.016230817,0.000094841
14.059000,0.018197443,0.000048557
14.061000,0.018885823,0.000015315
14.063000,0.018650283,0.000014963
14.065000,0.019315662,0.000017045
14.067000,0.018513149,0.000030659
14.069000,0.017624828,0.000071306
14.071000,0.019229552,0.000137612
14.073000,0.019975795,0.000210919
14.075000,0.020074999,0.000271335
14.077000,0.020873982,0.000312125
14.079000,0.021163044,0.000336977
14.081000,0.020509379,0.000347523
14.083000,0.020073322,0.000349235
14.085000,0.020165590,0.000350078
14.087000,0.020842430,0.000348470
14.089000,0.021724169,0.000342640
14.091000,0.021604338,0.000330861
14.093000,0.021074020,0.000301662
14.095000,0.021054743,0.000249135
14.097000,0.021966688,0.000183328
14.099000,0.022482414,0.000116943
14.101000,0.021616808,0.000060201
14.103000,0.021797335,0.000021885
14.105000,0.022128557,0.000004365
14.107000,0.022725936,0.000003003
14.109000,0.021702612,0.000008340
14.111000,0.021982795,0.000011130
14.113000,0.022173927,0.000016020
14.115000,0.021428024,0.000016415
14.117000,0.020621006,0.000020787
14.119000,0.019731488,0.000019744
14.121000,0.018123141,0.000018340
14.123000,0.011813606,0.000015587
14.125000,0.007102921,0.000012404
14.127000,0.004518432,0.000013791
14.129000,0.004430744,0.000022262
14.131000,0.007207994,0.000034958
14.133000,0.007547160,0.000047209
14.135000,0.005452680,0.000066161
14.137000,0.002470587,0.000101777
14.139000,0.000567176,0.000148431
14.141000,0.001609900,0.000184591
14.143000,0.002528310,0.000200623
14.145000,0.002368283,0.000211176
14.147000,0.002709496,0.000224080
14.149000,0.002547482,0.000219082
14.151000,0.001439640,0.000183214
14.153000,0.001668000,0.000184411
14.155000,0.002416637,0.000253493
14.157000,0.002878803,0.000277293
14.159000,0.003469380,0.000199199
14.161000,0.003059410,0.000097231
14.163000,0.002602750,0.000179887
14.165000,0.002438611,0.000246844
14.167000,0.002649043,0.000232614
14.169000,0.005256148,0.000219274
14.171000,0.007634765,0.000218637
14.173000,0.015582407,0.000218393
14.175000,0.017603766,0.000211402
14.177000,0.016614754,0.000202822
14.179000,0.014799199,0.000206138
14.181000,0.012022611,0.000161957
14.183000,0.014747966,0.000138970
14.185000,0.017346442,0.000107976
14.187000,0.018685610,0.000063549
14.189000,0.018812959,0.000046499
14.191000,0.017289498,0.000028708
14.193000,0.016596720,0.000018222
14.195000,0.017163621,0.000059866
14.197000,0.018939677,0.000115913
14.199000,0.020089206,0.000187085
14.201000,0.020047039,0.000279755
14.203000,0.020276583,0.000384259
14.205000,0.020231134,0.000463500
14.207000,0.020408335,0.000486067
14.209000,0.020217411,0.000474950
14.211000,0.019620951,0.000472537
14.213000,0.019258706,0.000478967
14.215000,0.020146118,0.000495689
14.217000,0.020131702,0.000537920
14.219000,0.018972202,0.000569010
14.221000,0.011358589,0.000505198
14.223000,0.005017633,0.000343420
14.225000,0.003528165,0.000159798
14.227000,0.003523553,0.000066439
14.229000,0.007112712,0.000179033
14.231000,0.008401743,0.000231498
14.233000,0.006409213,0.000236456
14.235000,0.002618599,0.000234146
14.237000,0.002123179,0.000259370
14.239000,0.001910842,0.000289610
14.241000,0.002639013,0.000329065
14.243000,0.003022662,0.000387338
14.245000,0.003307115,0.000386027
14.247000,0.002917552,0.000333434
14.249000,0.001590796,0.000245941
14.251000,0.001295077,0.000175839
14.253000,0.002249464,0.000272724
14.255000,0.002430598,0.000356015
14.257000,0.001856789,0.000381602
14.259000,0.001899375,0.000518212
14.261000,0.001668086,0.000678311
14.263000,0.002015179,0.000634695
14.265000,0.002176528,0.000427357
14.267000,0.000924304,0.000250584
14.269000,0.003667461,0.001381181
14.271000,0.014566569,0.003267301
14.273000,0.019593119,0.004544818
14.275000,0.015924740,0.004084409
14.277000,0.013139844,0.002387051
14.279000,0.010799492,0.000882764
14.281000,0.014055955,0.000326794
14.283000,0.016895221,0.000221239
14.285000,0.017738587,0.000250814
14.287000,0.016879068,0.000593907
14.289000,0.017577875,0.000805109
14.291000,0.019590746,0.000658785
14.293000,0.019986046,0.000454004
14.295000,0.018190070,0.000420742
14.297000,0.017905193,0.000240247
14.299000,0.020163617,0.000313085
14.301000,0.022096974,0.000805479
14.303000,0.022011157,0.001016606
14.305000,0.021486754,0.000796799
14.307000,0.020727335,0.000356945
14.309000,0.021075130,0.000057282
14.311000,0.021343258,0.000047538
14.313000,0.021459579,0.000120954
14.315000,0.021735862,0.000171558
14.317000,0.021875741,0.000117713
14.319000,0.021106289,0.000032415
14.321000,0.020259463,0.000025231
14.323000,0.019592162,0.000021106
14.325000,0.019944185,0.000005830
14.327000,0.020577463,0.000011418
14.329000,0.021300148,0.000007824
14.331000,0.019548906,0.000008669
14.333000,0.019329785,0.000013241
14.335000,0.019828499,0.000009678
14.337000,0.020876730,0.000008206
14.339000,0.021340075,0.000020150
14.341000,0.020264308,0.000024250
14.343000,0.021107242,0.000017969
14.345000,0.020570310,0.000097272
14.347000,0.020369231,0.000179454
14.349000,0.019471768,0.000156659
14.351000,0.019455312,0.000093501
14.353000,0.020553289,0.000243291
14.355000,0.021849288,0.000374852
14.357000,0.021350737,0.000541018
14.359000,0.020361916,0.000750241
14.361000,0.013726622,0.000834206
14.363000,0.006405757,0.000791809
14.365000,0.004472403,0.000729018
14.367000,0.004297078,0.000593239
14.369000,0.007245803,0.000326993
14.371000,0.009005613,0.000138674
14.373000,0.006639208,0.000328872
14.375000,0.002957292,0.000431096
14.377000,0.001989070,0.000406626
14.379000,0.003156467,0.000297051
14.381000,0.003301172,0.000154018
14.383000,0.003593473,0.000044446
14.385000,0.003846923,0.000109658
14.387000,0.003994953,0.000172026
14.389000,0.002816611,0.000205345
14.391000,0.001824548,0.000266291
14.393000,0.002266034,0.000359852
14.395000,0.002578119,0.000412414
14.397000,0.003493276,0.000387347
14.399000,0.004148936,0.000312544
14.401000,0.002519689,0.000258559
14.403000,0.001581625,0.000268809
14.405000,0.001480219,0.000263249
14.407000,0.004781683,0.000254071
14.409000,0.007284141,0.000263378
14.411000,0.013994024,0.000252857
14.413000,0.017933312,0.000222383
14.415000,0.017318345,0.000202945
14.417000,0.014046314,0.000176805
14.419000,0.011148330,0.000114104
14.421000,0.013517514,0.000084708
14.423000,0.017615370,0.000056735
14.425000,0.018803093,0.000027685
14.427000,0.017277507,0.000023301
14.429000,0.016512747,0.000010823
14.431000,0.017225855,0.000018452
14.433000,0.017195448,0.000012146
14.435000,0.016452595,0.000017556
14.437000,0.016745283,0.000014536
14.439000,0.018441079,0.000016846
14.441000,0.018766532,0.000013928
14.443000,0.018908281,0.000009437
14.445000,0.020007946,0.000022549
14.447000,0.019278721,0.000020490
14.449000,0.018335510,0.000047059
14.451000,0.019574459,0.000122790
14.453000,0.019899443,0.000280284
14.455000,0.019801214,0.000573084
14.457000,0.018338234,0.000911854
14.459000,0.011586715,0.001114086
14.461000,0.005723057,0.001172842
14.463000,0.003926773,0.001162961
14.465000,0.004374532,0.001011238
14.467000,0.008322918,0.000737521
14.469000,0.010128745,0.000454964
14.471000,0.006565524,0.000174841
14.473000,0.003035670,0.000134480
14.475000,0.003021622,0.000270632
14.477000,0.002372294,0.000331179
14.479000,0.003485687,0.000335122
14.481000,0.003755337,0.000254762
14.483000,0.003276167,0.000129080
14.485000,0.004083347,0.000043998
14.487000,0.003194489,0.000036640
14.489000,0.002720416,0.000019958
14.491000,0.002195738,0.000035982
14.493000,0.002841105,0.000023363
14.495000,0.003756386,0.000090097
14.497000,0.003298149,0.000116965
14.499000,0.003654287,0.000058461
14.501000,0.004385097,0.000091250
14.503000,0.003777877,0.000172048
14.505000,0.004230348,0.000186767
14.507000,0.006273108,0.000254141
14.509000,0.013045338,0.000402809
14.511000,0.017618474,0.000490166
14.513000,0.018299265,0.000490495
14.515000,0.015561854,0.000550352
14.517000,0.011483427,0.000656527
14.519000,0.013115363,0.000642355
14.521000,0.016775199,0.000533279
14.523000,0.018279660,0.000597483
14.525000,0.017641429,0.000447828
14.527000,0.014837025,0.001563065
14.529000,0.014635545,0.005084407
14.531000,0.015894240,0.009426400
14.533000,0.017313193,0.012891760
14.535000,0.019298713,0.014488321
14.537000,0.018861490,0.014573057
14.539000,0.018922988,0.014211956
14.541000,0.020471976,0.014045564
14.543000,0.020796819,0.014031752
14.545000,0.019476021,0.013976604
14.547000,0.018820652,0.013878684
14.549000,0.018585361,0.013870569
14.551000,0.018657104,0.014024713
14.553000,0.019415068,0.014258292
14.555000,0.020281322,0.014403614
14.557000,0.020376097,0.014340223
14.559000,0.019826964,0.014073087
14.561000,0.019793742,0.013721185
14.563000,0.021129656,0.013440651
14.565000,0.023018060,0.013331393
14.567000,0.023899997,0.013390140
14.569000,0.023470886,0.013537907
14.571000,0.022558051,0.013682635
14.573000,0.021927887,0.013762074
14.575000,0.021985064,0.013753137
14.577000,0.022602143,0.013669989
14.579000,0.023204918,0.013565548
14.581000,0.022981811,0.013522660
14.583000,0.021886850,0.013622831
14.585000,0.020848303,0.013903334
14.587000,0.020338135,0.014327440
14.589000,0.020110367,0.014792759
14.591000,0.019239028,0.015174228
14.593000,0.020052203,0.015399545
14.595000,0.022046961,0.015486591
14.597000,0.019616903,0.015493008
14.599000,0.013174214,0.015412519
14.601000,0.007209838,0.015143337
14.603000,0.006537160,0.014615266
14.605000,0.007067003,0.013956884
14.607000,0.009164976,0.013495499
14.609000,0.009892794,0.013514081
14.611000,0.007752420,0.013973342
14.613000,0.005203292,0.014503745
14.615000,0.003364603,0.014724129
14.617000,0.003106197,0.014576583
14.619000,0.004341912,0.014395977
14.621000,0.004517968,0.014586086
14.623000,0.003997923,0.015024604
14.625000,0.003869729,0.014825339
14.627000,0.002607821,0.012979479
14.629000,0.001659348,0.009348348
14.631000,0.002125380,0.005004497
14.633000,0.003210579,0.001564956
14.635000,0.003312623,0.000634248
14.637000,0.003418996,0.000753117
14.639000,0.002447603,0.000533369
14.641000,0.001530545,0.000378754
14.643000,0.001604868,0.000263307
14.645000,0.004152375,0.000488276
14.647000,0.006652591,0.000518676
14.649000,0.012877932,0.000218747
14.651000,0.017995625,0.000500193
14.653000,0.018399299,0.000820237
14.655000,0.016103968,0.000821350
14.657000,0.012601361,0.000664010
14.659000,0.014630024,0.000558791
14.661000,0.018854652,0.000549464
14.663000,0.021030632,0.000594202
14.665000,0.019901277,0.000672964
14.667000,0.016592423,0.000730911
14.669000,0.016173838,0.000666203
14.671000,0.017814530,0.000458322
14.673000,0.018247525,0.000279733
14.675000,0.018376564,0.000261749
14.677000,0.018444130,0.000259993
14.679000,0.019040189,0.000302286
14.681000,0.019768720,0.000340488
14.683000,0.019826307,0.000312516
14.685000,0.019303108,0.000201778
14.687000,0.019207072,0.000074470
14.689000,0.019535154,0.000097669
14.691000,0.020002715,0.000221956
14.693000,0.021420059,0.000274427
14.695000,0.021768702,0.000211936
14.697000,0.015670059,0.000097978
14.699000,0.007464004,0.000027958
14.701000,0.005320851,0.000047405
14.703000,0.004719106,0.000022821
14.705000,0.007426772,0.000023241
14.707000,0.010669662,0.000023224
14.709000,0.008758764,0.000044882
14.711000,0.004408453,0.000058487
14.713000,0.003018820,0.000065376
14.715000,0.003356477,0.000070934
14.717000,0.003925958,0.000071096
14.719000,0.003276321,0.000065164
14.721000,0.002488315,0.000062699
14.723000,0.003523901,0.000050413
14.725000,0.003212111,0.000060962
14.727000,0.002506299,0.000060998
14.729000,0.002847618,0.000033472
14.731000,0.003333192,0.000057016
14.733000,0.003332331,0.000057740
14.735000,0.004068194,0.000113222
14.737000,0.003144603,0.000116498
14.739000,0.002678248,0.000083105
14.741000,0.002125921,0.000312258
14.743000,0.003375849,0.000545344
14.745000,0.005962168,0.000666555
14.747000,0.012633053,0.000646318
14.749000,0.017590566,0.000516007
14.751000,0.018623429,0.000309978
14.753000,0.016888978,0.000096069
14.755000,0.012738880,0.000094405
14.757000,0.013063897,0.000134208
14.759000,0.017224757,0.000095781
14.761000,0.020038736,0.000030427
14.763000,0.019304170,0.000022804
14.765000,0.018390080,0.000031124
14.767000,0.017265565,0.000018253
14.769000,0.018132196,0.000016982
14.771000,0.017239172,0.000048999
14.773000,0.017729402,0.000109129
14.775000,0.018973936,0.000194259
14.777000,0.019770060,0.000293602
14.779000,0.020687467,0.000385693
14.781000,0.019408896,0.000448119
14.783000,0.019349538,0.000476186
14.785000,0.021291263,0.000483766
14.787000,0.021070478,0.000486415
14.789000,0.020468831,0.000490713
14.791000,0.020532242,0.000496505
14.793000,0.020292649,0.000491834
14.795000,0.016597722,0.000466037
14.797000,0.008474387,0.000419367
14.799000,0.004548183,0.000358713
14.801000,0.004544766,0.000270696
14.803000,0.006327256,0.000162541
14.805000,0.009591135,0.000078668
14.807000,0.008141052,0.000031455
14.809000,0.003973513,0.000005961
14.811000,0.002843002,0.000002096
14.813000,0.004105965,0.000015260
14.815000,0.004748378,0.000035675
14.817000,0.003991763,0.000045796
14.819000,0.002766809,0.000049705
14.821000,0.003430975,0.000044595
14.823000,0.002799660,0.000101403
14.825000,0.001731651,0.000205656
14.827000,0.002025139,0.000282236
14.829000,0.002267696,0.000269858
14.831000,0.002627353,0.000191368
14.833000,0.003428298,0.000149876
14.835000,0.003022058,0.000150607
14.837000,0.002180075,0.000187158
14.839000,0.002684324,0.000262097
14.841000,0.001684263,0.000339375
14.843000,0.001493162,0.000404065
14.845000,0.008936015,0.000438885
14.847000,0.014040122,0.000441652
14.849000,0.014300011,0.000425418
14.851000,0.014531763,0.000392165
14.853000,0.012268956,0.000341456
14.855000,0.012021766,0.000278736
14.857000,0.014869497,0.000211753
14.859000,0.017718943,0.000144616
14.861000,0.019227062,0.000076595
14.863000,0.019019617,0.000020280
14.865000,0.018958267,0.000025927
14.867000,0.019459138,0.000037860
14.869000,0.019109867,0.000032132
14.871000,0.020285347,0.000017844
14.873000,0.022015595,0.000005139
14.875000,0.021134789,0.000003099
14.877000,0.021626138,0.000003761
14.879000,0.021513496,0.000001757
14.881000,0.020631634,0.000002360
14.883000,0.020982936,0.000002657
14.885000,0.021035689,0.000002902
14.887000,0.020776952,0.000002252
14.889000,0.019927955,0.000001512
14.891000,0.019775319,0.000001751
14.893000,0.017586678,0.000000561
14.895000,0.009107915,0.000002040
14.897000,0.005251370,0.000001844
14.899000,0.005144961,0.000000668
14.901000,0.006141235,0.000001801
14.903000,0.009904081,0.000003244
14.905000,0.009501082,0.000002607
14.907000,0.005161097,0.000002547
14.909000,0.002839788,0.000001429
14.911000,0.003329404,0.000002049
14.913000,0.004065090,0.000002967
14.915000,0.003547902,0.000005734
14.917000,0.002862019,0.000005116
14.919000,0.003846390,0.000020376
14.921000,0.002408087,0.000064730
14.923000,0.001517502,0.000134572
14.925000,0.001110709,0.000226512
14.927000,0.001986553,0.000325499
14.929000,0.002849664,0.000409712
14.931000,0.002960928,0.000462821
14.933000,0.003270247,0.000476341
14.935000,0.003315170,0.000476096
14.937000,0.002223087,0.000494605
14.939000,0.002993040,0.000522945
14.941000,0.004903610,0.000515330
14.943000,0.011509384,0.000416013
14.945000,0.017572779,0.000283028
14.947000,0.017945913,0.000361824
14.949000,0.016519819,0.000525646
14.951000,0.012783103,0.000560591
14.953000,0.010898904,0.000477776
14.955000,0.013975363,0.000385945
14.957000,0.017686324,0.000360668
14.959000,0.017684008,0.000398749
14.961000,0.017459642,0.000438186
14.963000,0.017894023,0.000429552
14.965000,0.018338191,0.000406726
14.967000,0.018603156,0.000364597
14.969000,0.018326987,0.000276296
14.971000,0.019508118,0.000185748
14.973000,0.020860130,0.000125351
14.975000,0.021686959,0.000085154
14.977000,0.021770753,0.000057232
14.979000,0.020779288,0.000031884
14.981000,0.019865083,0.000047278
14.983000,0.019779067,0.000105896
14.985000,0.020423828,0.000084926
14.987000,0.021306516,0.000178765
14.989000,0.021391790,0.000502428
14.991000,0.017657402,0.000718495
14.993000,0.010290404,0.000603855
14.995000,0.006305554,0.000301444
14.997000,0.004218483,0.000356639
14.999000,0.006634158,0.000374261
15.001000,0.010219412,0.000191128
15.003000,0.009529325,0.000301023
15.005000,0.006276131,0.000390850
15.007000,0.003082814,0.000247998
15.009000,0.003441017,0.000304982
15.011000,0.003944568,0.000516176
15.013000,0.004367100,0.000533666
15.015000,0.003628881,0.000412865
15.017000,0.002807807,0.000275299
15.019000,0.003318372,0.000182588
15.021000,0.002697683,0.000176213
15.023000,0.002406942,0.000197739
15.025000,0.003827145,0.000199168
15.027000,0.003905117,0.000204946
15.029000,0.003610673,0.000212380
15.031000,0.002777407,0.000208249
15.033000,0.002476376,0.000199112
15.035000,0.003244841,0.000174715
15.037000,0.003193380,0.000144130
15.039000,0.005163082,0.000107090
15.041000,0.010087371,0.000074730
15.043000,0.017120454,0.000046841
15.045000,0.018748084,0.000030186
15.047000,0.017787763,0.000018576
15.049000,0.014150376,0.000011754
15.051000,0.011251128,0.000011059
15.053000,0.014387414,0.000004528
15.055000,0.017995162,0.000006805
15.057000,0.019579470,0.000005623
15.059000,0.019355287,0.000003863
15.061000,0.019658673,0.000002942
15.063000,0.020672899,0.000001679
15.065000,0.020359000,0.000003297
15.067000,0.020365202,0.000003847
15.069000,0.020952852,0.000001169
15.071000,0.020274332,0.000001650
15.073000,0.019681914,0.000002147
15.075000,0.020387940,0.000004607
15.077000,0.021201806,0.000002270
15.079000,0.020968829,0.000003650
15.081000,0.021026694,0.000003041
15.083000,0.020607939,0.000001963
15.085000,0.020455792,0.000001196
15.087000,0.020081344,0.000002430
15.089000,0.018257132,0.000014805
15.091000,0.011450964,0.000040005
15.093000,0.006597572,0.000071349
15.095000,0.004893787,0.000093330
15.097000,0.004361544,0.000066795
15.099000,0.008224691,0.000083637
15.101000,0.009838594,0.000286591
15.103000,0.006419919,0.000447526
15.105000,0.002757268,0.000383752
15.107000,0.002356685,0.000129285
15.109000,0.003862643,0.000302339
15.111000,0.004417405,0.000419880
15.113000,0.002832974,0.000303073
15.115000,0.003104925,0.000133952
15.117000,0.003202559,0.000107169
15.119000,0.002863035,0.000098916
15.121000,0.003160888,0.000165741
15.123000,0.003262679,0.000227938
15.125000,0.002915588,0.000261064
15.127000,0.003669534,0.000219770
15.129000,0.003745338,0.000081799
15.131000,0.003062897,0.000177206
15.133000,0.003162486,0.000358043
15.135000,0.003028783,0.000550967
15.137000,0.005721353,0.000724472
15.139000,0.009314736,0.000754016
15.141000,0.016600250,0.000620642
15.143000,0.018658959,0.000438857
15.145000,0.018507835,0.000269863
15.147000,0.015337696,0.000116661
15.149000,0.012533457,0.000026651
15.151000,0.014691294,0.000029752
15.153000,0.018540268,0.000019319
15.155000,0.019313753,0.000009209
15.157000,0.017789616,0.000010545
15.159000,0.018200734,0.000005175
15.161000,0.019184567,0.000001108
15.163000,0.018726462,0.000000867
15.165000,0.018002001,0.000001732
15.167000,0.018388089,0.000001877
15.169000,0.019074873,0.000001220
15.171000,0.019868796,0.000000696
15.173000,0.020689057,0.000001046
15.175000,0.020912275,0.000001163
15.177000,0.020323930,0.000000869
15.179000,0.019254974,0.000000742
15.181000,0.019116919,0.000000662
15.183000,0.020499744,0.000000628
15.185000,0.021310799,0.000001571
15.187000,0.020271014,0.000003334
15.189000,0.012927707,0.000004712
15.191000,0.006378700,0.000005446
15.193000,0.004523255,0.000009989
15.195000,0.003950629,0.000019182
15.197000,0.008487133,0.000030032
15.199000,0.009697445,0.000043919
15.201000,0.006171835,0.000060481
15.203000,0.003929422,0.000077202
15.205000,0.003535869,0.000091557
15.207000,0.002766004,0.000103196
15.209000,0.003704597,0.000108434
15.211000,0.004004553,0.000108987
15.213000,0.003789460,0.000110149
15.215000,0.003421048,0.000109689
15.217000,0.001659733,0.000109837
15.219000,0.001896999,0.000112469
15.221000,0.002890232,0.000103862
15.223000,0.003132783,0.000098106
15.225000,0.004543233,0.000093574
15.227000,0.005417050,0.000069946
15.229000,0.004017284,0.000062202
15.231000,0.004529094,0.000047570
15.233000,0.002966249,0.000034865
15.235000,0.004010230,0.000024513
15.237000,0.007246072,0.000015121
15.239000,0.013567821,0.000007675
15.241000,0.018037781,0.000009351
15.243000,0.018667906,0.000012218
15.245000,0.016150687,0.000016252
15.247000,0.011843266,0.000018167
15.249000,0.013459902,0.000012643
15.251000,0.017988143,0.000016114
15.253000,0.019680946,0.000007995
15.255000,0.018677847,0.000008600
15.257000,0.017691736,0.000005371
15.259000,0.018660774,0.000004871
15.261000,0.019000620,0.000006790
15.263000,0.017742640,0.000010094
15.265000,0.018395908,0.000013315
15.267000,0.020177743,0.000016801
15.269000,0.020228912,0.000016960
15.271000,0.020808069,0.000016123
15.273000,0.021589206,0.000010865
15.275000,0.021270721,0.000010721
15.277000,0.021857085,0.000003808
15.279000,0.022087314,0.000001991
15.281000,0.022058257,0.000006639
15.283000,0.020936970,0.000009307
15.285000,0.019810528,0.000012369
15.287000,0.014150054,0.000018151
15.289000,0.006782668,0.000010698
15.291000,0.005068353,0.000024360
15.293000,0.005521950,0.000015369
15.295000,0.008778963,0.000017971
15.297000,0.011047677,0.000024595
15.299000,0.008843421,0.000012844
15.301000,0.004584063,0.000023349
15.303000,0.002393832,0.000071791
15.305000,0.003158048,0.000106025
15.307000,0.004186187,0.000083431
15.309000,0.004185365,0.000096124
15.311000,0.004214832,0.000090222
15.313000,0.003138530,0.000170647
15.315000,0.002000850,0.000472507
15.317000,0.002508477,0.000630768
15.319000,0.002630152,0.000489389
15.321000,0.002671288,0.000202135
15.323000,0.003009432,0.000264241
15.325000,0.002483928,0.000323282
15.327000,0.002420741,0.000358716
15.329000,0.002626491,0.000454872
15.331000,0.002195875,0.000390631
15.333000,0.003857927,0.000194040
15.335000,0.006026092,0.000194174
15.337000,0.013202769,0.000208369
15.339000,0.017653505,0.000117911
15.341000,0.017868637,0.000026983
15.343000,0.016233165,0.000031235
15.345000,0.011955024,0.000023220
15.347000,0.012989069,0.000004521
15.349000,0.016654220,0.000007634
15.351000,0.019125718,0.000007777
15.353000,0.019090927,0.000006709
15.355000,0.018300607,0.000005694
15.357000,0.019324256,0.000006209
15.359000,0.019660305,0.000001765
15.361000,0.019445532,0.000002151
15.363000,0.018985316,0.000003701
15.365000,0.020397118,0.000005350
15.367000,0.021181084,0.000003254
15.369000,0.021224258,0.000003242
15.371000,0.022536773,0.000007266
15.373000,0.022127224,0.000006768
15.375000,0.020836656,0.000009306
15.377000,0.020546909,0.000006735
15.379000,0.021519809,0.000005526
15.381000,0.021923964,0.000008371
15.383000,0.020293023,0.000007081
15.385000,0.014329882,0.000016186
15.387000,0.007346955,0.000012750
15.389000,0.005873421,0.000021808
15.391000,0.005108250,0.000074970
15.393000,0.008753382,0.000127390
15.395000,0.010677463,0.000169581
15.397000,0.008168571,0.000236641
15.399000,0.004957047,0.000299363
15.401000,0.002964983,0.000284609
15.403000,0.003672881,0.000261730
15.405000,0.004599891,0.000299089
15.407000,0.003551757,0.000208808
15.409000,0.002575828,0.000144521
15.411000,0.003135344,0.000365906
15.413000,0.003235038,0.000440478
15.415000,0.002291866,0.000327119
15.417000,0.001940320,0.000148395
15.419000,0.002300703,0.000077880
15.421000,0.003099952,0.000102320
15.423000,0.003134288,0.000180394
15.425000,0.002987369,0.000215590
15.427000,0.003391379,0.000154399
15.429000,0.003012937,0.000094062
15.431000,0.002908368,0.000089096
15.433000,0.002973518,0.000097565
15.435000,0.002126845,0.000131167
15.437000,0.001954239,0.000158689
15.439000,0.001868196,0.000219773
15.441000,0.001387659,0.000258695
15.443000,0.000628290,0.000206391
15.445000,0.000632765,0.000085865
15.447000,0.000569836,0.000082253
15.449000,0.000558153,0.000147955
15.451000,0.000872433,0.000191950
15.453000,0.001215890,0.000260980
15.455000,0.001114598,0.000314213
15.457000,0.001069170,0.000286652
15.459000,0.001462935,0.000185055
15.461000,0.001773409,0.000159954
15.463000,0.001009675,0.000207837
15.465000,0.000719681,0.000187156
15.467000,0.001126284,0.000253336
15.469000,0.000944994,0.000414117
15.471000,0.000494598,0.000455841
15.473000,0.000464459,0.000340825
15.475000,0.000404610,0.000150444
15.477000,0.000471671,0.000098512
15.479000,0.000408686,0.000259118
15.481000,0.000552815,0.000371640
15.483000,0.000462024,0.000379755
15.485000,0.000472981,0.000278513
15.487000,0.000241236,0.000154703
15.489000,0.000206906,0.000134949
15.491000,0.000382175,0.000138596
15.493000,0.000222655,0.000125082
15.495000,0.000139399,0.000126444
15.497000,0.000247573,0.000145490
15.499000,0.000351691,0.000175316
15.501000,0.000441064,0.000189349
15.503000,0.000772161,0.000199298
15.505000,0.000768223,0.000207247
15.507000,0.001071100,0.000192154
15.509000,0.000298516,0.000177507
15.511000,0.000432180,0.000184776
15.513000,0.000599174,0.000189360
15.515000,0.001027382,0.000192861
15.517000,0.000795941,0.000192569
15.519000,0.000477727,0.000183498
15.521000,0.000628585,0.000186470
15.523000,0.000703636,0.000177196
15.525000,0.000510902,0.000141710
15.527000,0.000501892,0.000111765
15.529000,0.000366965,0.000080279
15.531000,0.000149218,0.000038091
15.533000,0.000573616,0.000015934
15.535000,0.000440282,0.000020629
15.537000,0.000614974,0.000030974
15.539000,0.000418179,0.000054762
15.541000,0.000433864,0.000092011
15.543000,0.000221363,0.000129735
15.545000,0.000444887,0.000159430
15.547000,0.000859508,0.000173884
15.549000,0.000954539,0.000168324
15.551000,0.000361809,0.000147498
15.553000,0.000218763,0.000124182
15.555000,0.000561224,0.000113489
15.557000,0.000211987,0.000122553
15.559000,0.000215168,0.000142485
15.561000,0.000463963,0.000165871
15.563000,0.000395309,0.000204352
15.565000,0.000573773,0.000237340
15.567000,0.000375197,0.000219242
15.569000,0.000161713,0.000163187
15.571000,0.000584138,0.000128014
15.573000,0.000443530,0.000144496
15.575000,0.000836521,0.000251544
15.577000,0.000337975,0.000325556
15.579000,0.000551820,0.000293662
15.581000,0.000615827,0.000211280
15.583000,0.000312694,0.000167412
15.585000,0.000511134,0.000173570
15.587000,0.000552902,0.000156427
15.589000,0.000483214,0.000145177
15.591000,0.000705325,0.000182754
15.593000,0.000603605,0.000196189
15.595000,0.000653070,0.000230665
15.597000,0.000515326,0.000319399
15.599000,0.000445188,0.000383267
15.601000,0.000183501,0.000374262
15.603000,0.000532291,0.000291717
15.605000,0.000525365,0.000171087
15.607000,0.000246502,0.000057312
15.609000,0.000504331,0.000118173
15.611000,0.000572873,0.000228047
15.613000,0.000540688,0.000193695
15.615000,0.000485715,0.000172015
15.617000,0.000458551,0.000308511
15.619000,0.000655124,0.000285981
15.621000,0.000812413,0.000126709
15.623000,0.000447180,0.000100365
15.625000,0.000314360,0.000168172
15.627000,0.000248757,0.000221182
15.629000,0.000093758,0.000231957
15.631000,0.000085274,0.000159371
15.633000,0.000384373,0.000065192
15.635000,0.000442184,0.000131351
15.637000,0.000266073,0.000157481
15.639000,0.000204844,0.000092126
15.641000,0.000083851,0.000063523
15.643000,0.000361518,0.000116904
15.645000,0.000306475,0.000217259
15.647000,0.000446759,0.000294453
15.649000,0.000486072,0.000267935
15.651000,0.000419469,0.000168277
15.653000,0.000809242,0.000098945
15.655000,0.000399360,0.000089806
15.657000,0.000546174,0.000075768
15.659000,0.000478229,0.000048833
15.661000,0.000352012,0.000019230
15.663000,0.000110485,0.000006268
15.665000,0.000236406,0.000006534
15.667000,0.000317854,0.000019848
15.669000,0.000596930,0.000055028
15.671000,0.000580811,0.000085259
15.673000,0.000601093,0.000122385
15.675000,0.000563879,0.000177098
15.677000,0.000282117,0.000188870
15.679000,0.000663986,0.000147683
15.681000,0.000489648,0.000131916
15.683000,0.000329463,0.000179564
15.685000,0.000575359,0.000255144
15.687000,0.000660936,0.000305351
15.689000,0.000448028,0.000304670
15.691000,0.000306992,0.000277779
15.693000,0.000477431,0.000226795
15.695000,0.000430112,0.000155068
15.697000,0.000329161,0.000112311
15.699000,0.000272368,0.000098566
15.701000,0.000465573,0.000070817
15.703000,0.000261921,0.000032878
15.705000,0.000402058,0.000014753
15.707000,0.000457918,0.000012341
15.709000,0.000213418,0.000023778
15.711000,0.000277802,0.000062016
15.713000,0.000558504,0.000116981
15.715000,0.000308614,0.000184302
15.717000,0.000544406,0.000246062
15.719000,0.000573494,0.000288911
15.721000,0.000228978,0.000312420
15.723000,0.000136853,0.000310655
15.725000,0.000558585,0.000290300
15.727000,0.000286929,0.000253483
15.729000,0.000301023,0.000208607
15.731000,0.000367832,0.000166095
15.733000,0.000404577,0.000100674
15.735000,0.001011757,0.000064065
15.737000,0.000534521,0.000143622
15.739000,0.000303718,0.000161596
15.741000,0.000169019,0.000118706
15.743000,0.000302242,0.000079950
15.745000,0.000703298,0.000129475
15.747000,0.000468502,0.000210918
15.749000,0.000355254,0.000213105
15.751000,0.000304090,0.000151760
15.753000,0.000240773,0.000077940
15.755000,0.000191783,0.000044539
15.757000,0.000379666,0.000090563
15.759000,0.000724390,0.000171333
15.761000,0.000827791,0.000229847
15.763000,0.000236911,0.000218709
15.765000,0.000281686,0.000178917
15.767000,0.000372952,0.000188091
15.769000,0.000235789,0.000208291
15.771000,0.000885558,0.000208400
15.773000,0.001160533,0.000200451
15.775000,0.000800759,0.000134144
15.777000,0.000828666,0.000208015
15.779000,0.000584184,0.000249300
15.781000,0.000506887,0.000154995
15.783000,0.000640809,0.000111187
15.785000,0.000252849,0.000201736
15.787000,0.000686505,0.000211831
15.789000,0.000463076,0.000168418
15.791000,0.001055150,0.000148695
15.793000,0.000608708,0.000127201
15.795000,0.000377400,0.000100498
15.797000,0.000397355,0.000104194
15.799000,0.000073966,0.000113166
15.801000,0.000428065,0.000105422
15.803000,0.000328572,0.000079219
15.805000,0.000442241,0.000120331
15.807000,0.000314255,0.000216499
15.809000,0.000523036,0.000241771
15.811000,0.000769307,0.000170070
15.813000,0.000510744,0.000079683
15.815000,0.000421201,0.000082157
15.817000,0.000329458,0.000189175
15.819000,0.000646295,0.000297455
15.821000,0.000438411,0.000321793
15.823000,0.000451158,0.000262967
15.825000,0.000342182,0.000222326
15.827000,0.000678312,0.000208604
15.829000,0.000827676,0.000189759
15.831000,0.000868611,0.000200934
15.833000,0.000779131,0.000220090
15.835000,0.000425678,0.000214562
15.837000,0.000607938,0.000206687
15.839000,0.000415702,0.000237044
15.841000,0.000676269,0.000256900
15.843000,0.000342276,0.000193366
15.845000,0.000511563,0.000075994
15.847000,0.000199823,0.000063871
15.849000,0.000440230,0.000114557
15.851000,0.000257961,0.000270896
15.853000,0.000229869,0.000362829
15.855000,0.000666737,0.000283097
15.857000,0.000866733,0.000214196
15.859000,0.000265473,0.000399535
15.861000,0.000421716,0.000506872
15.863000,0.000462669,0.000437235
15.865000,0.000547818,0.000248557
15.867000,0.000361594,0.000076901
15.869000,0.000537933,0.000089310
15.871000,0.000647331,0.000078178
15.873000,0.000368789,0.000033744
15.875000,0.000186218,0.000006320
